,PatentID,Blockings,PatentIDStr
0,5958006,70,5958006
1,6882709,52,6882709
2,6526275,48,6526275
3,5764899,39,5764899
4,6587127,33,6587127
5,6915530,30,6915530
6,6169538,29,6169538
7,5867478,28,5867478
8,6526581,26,6526581
9,5872777,25,5872777
10,6426983,25,6426983
11,5966120,24,5966120
12,6134237,22,6134237
13,6570922,22,6570922
14,6175588,21,6175588
15,5771353,20,5771353
16,6107920,20,6107920
17,7126996,20,7126996
18,6393076,19,6393076
19,6487721,19,6487721
20,6127058,19,6127058
21,5910951,19,5910951
22,7707406,19,7707406
23,5854972,18,5854972
24,5886736,18,5886736
25,6842170,17,6842170
26,6807317,16,6807317
27,7277453,16,7277453
28,5697793,16,5697793
29,6321073,16,6321073
30,6563868,16,6563868
31,5956088,16,5956088
32,6965763,16,6965763
33,6885874,15,6885874
34,6249894,15,6249894
35,6744740,15,6744740
36,6068946,15,6068946
37,7155483,15,7155483
38,6307846,15,6307846
39,6658272,14,6658272
40,6144186,14,6144186
41,6797427,14,6797427
42,6766353,14,6766353
43,6269336,13,6269336
44,6061449,13,6061449
45,6104317,13,6104317
46,6493388,13,6493388
47,6009173,13,6009173
48,7620403,13,7620403
49,6138011,12,6138011
50,6766147,12,6766147
51,5917830,12,5917830
52,6710578,12,6710578
53,7385913,11,7385913
54,5826188,11,5826188
55,6660423,11,6660423
56,6430228,11,6430228
57,7215976,11,7215976
58,6970127,11,6970127
59,6920171,11,6920171
60,7940740,11,7940740
61,7292879,11,7292879
62,7414989,11,7414989
63,8102802,11,8102802
64,6134223,11,6134223
65,6948183,10,6948183
66,5815407,10,5815407
67,6572830,10,6572830
68,6686931,10,6686931
69,7082290,10,7082290
70,5857155,10,5857155
71,6167268,10,6167268
72,6771657,10,6771657
73,6725022,10,6725022
74,6850503,10,6850503
75,7088220,10,7088220
76,6246862,10,6246862
77,6043838,10,6043838
78,7184745,10,7184745
79,6640087,10,6640087
80,5909183,10,5909183
81,7272190,9,7272190
82,7013143,9,7013143
83,7817718,9,7817718
84,6466938,9,6466938
85,7243163,9,7243163
86,6992580,9,6992580
87,6005980,9,6005980
88,6801642,9,6801642
89,6832259,9,6832259
90,6549789,9,6549789
91,6529144,9,6529144
92,6647061,9,6647061
93,7006616,9,7006616
94,6185433,8,6185433
95,6176401,8,6176401
96,6192029,8,6192029
97,7139328,8,7139328
98,6377810,8,6377810
99,5744258,8,5744258
100,6826388,8,6826388
101,6387559,8,6387559
102,6271837,8,6271837
103,7159120,8,7159120
104,6734898,8,6734898
105,7136909,8,7136909
106,6597890,8,6597890
107,5959546,8,5959546
108,6141393,8,6141393
109,6925064,8,6925064
110,6965754,8,6965754
111,6295606,8,6295606
112,7069027,8,7069027
113,7457588,8,7457588
114,6720864,7,6720864
115,7876837,7,7876837
116,6441754,7,6441754
117,7130359,7,7130359
118,6940407,7,6940407
119,7746836,7,7746836
120,7634251,7,7634251
121,6259744,7,6259744
122,7395097,7,7395097
123,7773535,7,7773535
124,5745116,7,5745116
125,7050419,7,7050419
126,6151318,7,6151318
127,6668173,7,6668173
128,5800937,7,5800937
129,5732387,7,5732387
130,6011699,7,6011699
131,6465119,7,6465119
132,5729219,7,5729219
133,6434197,7,6434197
134,6757269,7,6757269
135,8224303,7,8224303
136,6086395,7,6086395
137,6628711,7,6628711
138,6639249,7,6639249
139,7683918,7,7683918
140,7024162,7,7024162
141,7212789,7,7212789
142,5883580,7,5883580
143,5928330,7,5928330
144,6311306,7,6311306
145,5939939,7,5939939
146,6108046,7,6108046
147,7212111,7,7212111
148,5945948,7,5945948
149,8145251,6,8145251
150,5982327,6,5982327
151,6463534,6,6463534
152,6889385,6,6889385
153,7058419,6,7058419
154,7231516,6,7231516
155,7548747,6,7548747
156,7117009,6,7117009
157,7471942,6,7471942
158,7162740,6,7162740
159,6265977,6,6265977
160,6701162,6,6701162
161,5987518,6,5987518
162,7400856,6,7400856
163,6690723,6,6690723
164,7822973,6,7822973
165,7020394,6,7020394
166,7054386,6,7054386
167,6336091,6,6336091
168,6385179,6,6385179
169,7243134,6,7243134
170,7580723,6,7580723
171,6088337,6,6088337
172,7181667,6,7181667
173,7099684,6,7099684
174,5954817,6,5954817
175,6214487,6,6214487
176,6678523,6,6678523
177,7489913,6,7489913
178,8050686,6,8050686
179,6128735,6,6128735
180,7461106,6,7461106
181,6480096,6,6480096
182,5982445,6,5982445
183,6519239,6,6519239
184,7778307,6,7778307
185,6997379,6,6997379
186,6487252,6,6487252
187,5850611,6,5850611
188,6401242,6,6401242
189,6106969,6,6106969
190,6857132,6,6857132
191,7200112,6,7200112
192,7313811,6,7313811
193,7181170,6,7181170
194,6256393,6,6256393
195,6756938,6,6756938
196,6754475,6,6754475
197,8194648,6,8194648
198,6862433,6,6862433
199,6588015,6,6588015
200,6374177,6,6374177
201,6310898,6,6310898
202,5688293,6,5688293
203,7508842,6,7508842
204,6532593,6,6532593
205,5815804,5,5815804
206,7590100,5,7590100
207,7848438,5,7848438
208,5612956,5,5612956
209,7305649,5,7305649
210,6477160,5,6477160
211,5923214,5,5923214
212,5940076,5,5940076
213,6625621,5,6625621
214,7287097,5,7287097
215,6889067,5,6889067
216,6317411,5,6317411
217,6423434,5,6423434
218,6801159,5,6801159
219,8090342,5,8090342
220,5774827,5,5774827
221,6223291,5,6223291
222,7236477,5,7236477
223,7451476,5,7451476
224,6072831,5,6072831
225,6490256,5,6490256
226,7839931,5,7839931
227,7239896,5,7239896
228,7068719,5,7068719
229,6915312,5,6915312
230,7962181,5,7962181
231,7265724,5,7265724
232,6782251,5,6782251
233,6694060,5,6694060
234,6724170,5,6724170
235,7539186,5,7539186
236,6173005,5,6173005
237,8004555,5,8004555
238,8018893,5,8018893
239,6670897,5,6670897
240,7607022,5,7607022
241,7688764,5,7688764
242,7310379,5,7310379
243,5991285,5,5991285
244,6665549,5,6665549
245,5999826,5,5999826
246,6313736,5,6313736
247,6160545,5,6160545
248,6895238,5,6895238
249,6438114,5,6438114
250,6441786,5,6441786
251,5912878,5,5912878
252,7729366,5,7729366
253,5821007,5,5821007
254,6011510,5,6011510
255,6792293,5,6792293
256,6049821,5,6049821
257,7356348,5,7356348
258,5838740,5,5838740
259,6591095,5,6591095
260,6175740,5,6175740
261,7248842,5,7248842
262,5933062,5,5933062
263,6275500,5,6275500
264,6904023,5,6904023
265,5974325,5,5974325
266,7395048,5,7395048
267,7640373,5,7640373
268,7266198,5,7266198
269,6665521,5,6665521
270,7769370,5,7769370
271,6310634,5,6310634
272,5663748,5,5663748
273,6615267,5,6615267
274,6999773,5,6999773
275,5752163,5,5752163
276,6758303,5,6758303
277,7640571,5,7640571
278,7106874,4,7106874
279,6724825,4,6724825
280,7643564,4,7643564
281,6658000,4,6658000
282,6072250,4,6072250
283,7271948,4,7271948
284,6188979,4,6188979
285,7170341,4,7170341
286,6148206,4,6148206
287,5732350,4,5732350
288,6847311,4,6847311
289,6349216,4,6349216
290,6298135,4,6298135
291,6633839,4,6633839
292,7136482,4,7136482
293,7577441,4,7577441
294,7500198,4,7500198
295,6272333,4,6272333
296,6901603,4,6901603
297,5754659,4,5754659
298,6275536,4,6275536
299,6807529,4,6807529
300,6208871,4,6208871
301,6366302,4,6366302
302,6466804,4,6466804
303,6184651,4,6184651
304,6049537,4,6049537
305,6069886,4,6069886
306,6657595,4,6657595
307,7200190,4,7200190
308,7039048,4,7039048
309,5738583,4,5738583
310,7483543,4,7483543
311,6449312,4,6449312
312,7057607,4,7057607
313,6839542,4,6839542
314,7599327,4,7599327
315,6810525,4,6810525
316,7330174,4,7330174
317,6216086,4,6216086
318,7877123,4,7877123
319,6509659,4,6509659
320,6665283,4,6665283
321,5862451,4,5862451
322,5956641,4,5956641
323,6170005,4,6170005
324,7623447,4,7623447
325,6232970,4,6232970
326,6925128,4,6925128
327,6122270,4,6122270
328,6057884,4,6057884
329,6836212,4,6836212
330,7581181,4,7581181
331,6493198,4,6493198
332,7062556,4,7062556
333,7025596,4,7025596
334,5710766,4,5710766
335,5631101,4,5631101
336,6782208,4,6782208
337,7738530,4,7738530
338,6728531,4,6728531
339,7873338,4,7873338
340,6859503,4,6859503
341,6529746,4,6529746
342,6728965,4,6728965
343,7176838,4,7176838
344,6298233,4,6298233
345,6108558,4,6108558
346,6052563,4,6052563
347,7010657,4,7010657
348,7756097,4,7756097
349,6233559,4,6233559
350,6671849,4,6671849
351,5894320,4,5894320
352,6424743,4,6424743
353,5935220,4,5935220
354,7519042,4,7519042
355,6148208,4,6148208
356,6128479,4,6128479
357,7149521,4,7149521
358,5799256,4,5799256
359,5904740,4,5904740
360,6748195,4,6748195
361,6356708,4,6356708
362,6983370,4,6983370
363,5963012,4,5963012
364,6212550,4,6212550
365,7181257,4,7181257
366,6011800,4,6011800
367,7653422,4,7653422
368,6483874,4,6483874
369,6167084,4,6167084
370,7130610,4,7130610
371,5768527,4,5768527
372,6556814,4,6556814
373,7085576,4,7085576
374,6429808,4,6429808
375,6130613,3,6130613
376,6112244,3,6112244
377,5741609,3,5741609
378,6901122,3,6901122
379,7039115,3,7039115
380,7019491,3,7019491
381,5991447,3,5991447
382,6282183,3,6282183
383,7689448,3,7689448
384,7634296,3,7634296
385,6597915,3,6597915
386,6081438,3,6081438
387,7529379,3,7529379
388,7062261,3,7062261
389,6321070,3,6321070
390,6522352,3,6522352
391,5940799,3,5940799
392,5848357,3,5848357
393,7817534,3,7817534
394,6218973,3,6218973
395,6141341,3,6141341
396,7307523,3,7307523
397,6424623,3,6424623
398,6795768,3,6795768
399,6671525,3,6671525
400,7242932,3,7242932
401,6268077,3,6268077
402,6925501,3,6925501
403,6304581,3,6304581
404,6980561,3,6980561
405,7747017,3,7747017
406,8007110,3,8007110
407,7653383,3,7653383
408,7697480,3,7697480
409,6791995,3,6791995
410,7243072,3,7243072
411,7542422,3,7542422
412,6704046,3,6704046
413,6014552,3,6014552
414,6765536,3,6765536
415,6160489,3,6160489
416,7684813,3,7684813
417,6134446,3,6134446
418,6917182,3,6917182
419,6341222,3,6341222
420,6308294,3,6308294
421,6956893,3,6956893
422,6600928,3,6600928
423,6009091,3,6009091
424,6487180,3,6487180
425,6912581,3,6912581
426,6640184,3,6640184
427,7561553,3,7561553
428,5723229,3,5723229
429,6192256,3,6192256
430,7668141,3,7668141
431,7477690,3,7477690
432,8270359,3,8270359
433,5949948,3,5949948
434,6236960,3,6236960
435,7272382,3,7272382
436,8537724,3,8537724
437,7970350,3,7970350
438,5867140,3,5867140
439,5854785,3,5854785
440,6012634,3,6012634
441,7957360,3,7957360
442,7091911,3,7091911
443,7443316,3,7443316
444,6411946,3,6411946
445,6570861,3,6570861
446,7844265,3,7844265
447,6486874,3,6486874
448,6125286,3,6125286
449,6104808,3,6104808
450,7944981,3,7944981
451,5966656,3,5966656
452,6700867,3,6700867
453,7251820,3,7251820
454,5862140,3,5862140
455,7676250,3,7676250
456,6217623,3,6217623
457,7257430,3,7257430
458,6671882,3,6671882
459,7132745,3,7132745
460,6975621,3,6975621
461,6034971,3,6034971
462,6449465,3,6449465
463,6023230,3,6023230
464,6484033,3,6484033
465,8107885,3,8107885
466,6690892,3,6690892
467,6970926,3,6970926
468,7818792,3,7818792
469,5699365,3,5699365
470,6285681,3,6285681
471,7000173,3,7000173
472,8054894,3,8054894
473,6094565,3,6094565
474,7853857,3,7853857
475,5896575,3,5896575
476,6018764,3,6018764
477,6138042,3,6138042
478,6385462,3,6385462
479,7272847,3,7272847
480,6958759,3,6958759
481,7233280,3,7233280
482,7138979,3,7138979
483,5987327,3,5987327
484,6154485,3,6154485
485,7117019,3,7117019
486,6018671,3,6018671
487,7702289,3,7702289
488,6662154,3,6662154
489,6799062,3,6799062
490,6137802,3,6137802
491,5640166,3,5640166
492,6807563,3,6807563
493,5781547,3,5781547
494,7190263,3,7190263
495,6049707,3,6049707
496,6799038,3,6799038
497,6020878,3,6020878
498,6731684,3,6731684
499,6219703,3,6219703
500,6324184,3,6324184
501,6980596,3,6980596
502,7680118,3,7680118
503,5652616,3,5652616
504,7047050,3,7047050
505,6898285,3,6898285
506,6346911,3,6346911
507,6101175,3,6101175
508,7221945,3,7221945
509,7684799,3,7684799
510,6606483,3,6606483
511,6584825,3,6584825
512,7254405,3,7254405
513,6907237,3,6907237
514,6069896,3,6069896
515,6574610,3,6574610
516,7073192,3,7073192
517,7656842,3,7656842
518,6992658,3,6992658
519,7643832,3,7643832
520,6993327,3,6993327
521,7176980,3,7176980
522,6912507,3,6912507
523,7453219,3,7453219
524,6202088,3,6202088
525,7085542,3,7085542
526,6434391,3,6434391
527,7539490,3,7539490
528,6605454,3,6605454
529,6094429,3,6094429
530,6553021,3,6553021
531,6497975,3,6497975
532,6073092,2,6073092
533,6275693,2,6275693
534,6198931,2,6198931
535,6110618,2,6110618
536,6707826,2,6707826
537,6993342,2,6993342
538,7209717,2,7209717
539,8121552,2,8121552
540,8255151,2,8255151
541,5929702,2,5929702
542,7689239,2,7689239
543,6212382,2,6212382
544,6117585,2,6117585
545,7848739,2,7848739
546,7260394,2,7260394
547,8155683,2,8155683
548,6944455,2,6944455
549,6228516,2,6228516
550,7895594,2,7895594
551,6661409,2,6661409
552,7048556,2,7048556
553,7135837,2,7135837
554,7298326,2,7298326
555,7738639,2,7738639
556,5751763,2,5751763
557,6694149,2,6694149
558,7873893,2,7873893
559,6249678,2,6249678
560,7853475,2,7853475
561,7064772,2,7064772
562,7181223,2,7181223
563,6982752,2,6982752
564,5661635,2,5661635
565,5893024,2,5893024
566,7558587,2,7558587
567,6792281,2,6792281
568,6671852,2,6671852
569,6704572,2,6704572
570,6151362,2,6151362
571,6822974,2,6822974
572,6525677,2,6525677
573,6493671,2,6493671
574,7058407,2,7058407
575,6859494,2,6859494
576,5893132,2,5893132
577,6421602,2,6421602
578,6347882,2,6347882
579,7269504,2,7269504
580,7088988,2,7088988
581,7171204,2,7171204
582,6741554,2,6741554
583,7007064,2,7007064
584,7239650,2,7239650
585,7660353,2,7660353
586,6055333,2,6055333
587,5987012,2,5987012
588,7103319,2,7103319
589,7024216,2,7024216
590,7199762,2,7199762
591,6063521,2,6063521
592,6687486,2,6687486
593,6396726,2,6396726
594,7738907,2,7738907
595,6649852,2,6649852
596,6732270,2,6732270
597,7177819,2,7177819
598,6406808,2,6406808
599,6952573,2,6952573
600,5892769,2,5892769
601,6167235,2,6167235
602,6374100,2,6374100
603,6334063,2,6334063
604,6529804,2,6529804
605,6212393,2,6212393
606,6563427,2,6563427
607,7154468,2,7154468
608,7765600,2,7765600
609,5790607,2,5790607
610,6836806,2,6836806
611,7551931,2,7551931
612,6178327,2,6178327
613,6097953,2,6097953
614,7504936,2,7504936
615,8050189,2,8050189
616,6011959,2,6011959
617,6421607,2,6421607
618,7453831,2,7453831
619,7099389,2,7099389
620,6108314,2,6108314
621,8015005,2,8015005
622,6173330,2,6173330
623,7436811,2,7436811
624,6944245,2,6944245
625,6836514,2,6836514
626,7456793,2,7456793
627,7653413,2,7653413
628,6608861,2,6608861
629,6043707,2,6043707
630,6330459,2,6330459
631,6701160,2,6701160
632,7499950,2,7499950
633,7874983,2,7874983
634,6940861,2,6940861
635,5703877,2,5703877
636,7110559,2,7110559
637,7143333,2,7143333
638,6373884,2,6373884
639,7106358,2,7106358
640,6216015,2,6216015
641,7305555,2,7305555
642,5930756,2,5930756
643,5794185,2,5794185
644,6889212,2,6889212
645,7231213,2,7231213
646,7477699,2,7477699
647,6865384,2,6865384
648,7825901,2,7825901
649,6529520,2,6529520
650,6012063,2,6012063
651,6438360,2,6438360
652,7020165,2,7020165
653,6842484,2,6842484
654,7512110,2,7512110
655,6360097,2,6360097
656,7298321,2,7298321
657,6909761,2,6909761
658,7961828,2,7961828
659,5940447,2,5940447
660,6483913,2,6483913
661,7321570,2,7321570
662,6373433,2,6373433
663,6160449,2,6160449
664,7443657,2,7443657
665,7616654,2,7616654
666,6418149,2,6418149
667,7447735,2,7447735
668,6757548,2,6757548
669,6138032,2,6138032
670,7242923,2,7242923
671,6757544,2,6757544
672,6678740,2,6678740
673,7492753,2,7492753
674,7108914,2,7108914
675,6907019,2,6907019
676,7373181,2,7373181
677,7281066,2,7281066
678,5781226,2,5781226
679,6067457,2,6067457
680,7269561,2,7269561
681,6014376,2,6014376
682,5903558,2,5903558
683,7747021,2,7747021
684,5922047,2,5922047
685,7050514,2,7050514
686,6989235,2,6989235
687,6223154,2,6223154
688,6944137,2,6944137
689,6131049,2,6131049
690,6888811,2,6888811
691,5905803,2,5905803
692,7148917,2,7148917
693,5952942,2,5952942
694,7048897,2,7048897
695,6829502,2,6829502
696,6157669,2,6157669
697,7570916,2,7570916
698,7173606,2,7173606
699,6882856,2,6882856
700,7200363,2,7200363
701,7933238,2,7933238
702,7020175,2,7020175
703,6041241,2,6041241
704,6326770,2,6326770
705,7667371,2,7667371
706,7096025,2,7096025
707,6259741,2,6259741
708,7213062,2,7213062
709,7944484,2,7944484
710,6931059,2,6931059
711,7243366,2,7243366
712,6584301,2,6584301
713,7751826,2,7751826
714,5948066,2,5948066
715,7024207,2,7024207
716,5862480,2,5862480
717,6584325,2,6584325
718,6072987,2,6072987
719,6009325,2,6009325
720,6384727,2,6384727
721,6161018,2,6161018
722,5665265,2,5665265
723,5933330,2,5933330
724,7876199,2,7876199
725,7026789,2,7026789
726,7469149,2,7469149
727,5828660,2,5828660
728,8208434,2,8208434
729,5862452,2,5862452
730,6459440,2,6459440
731,7634565,2,7634565
732,6104726,2,6104726
733,6954649,2,6954649
734,7430174,2,7430174
735,7310375,2,7310375
736,8199845,2,8199845
737,6342774,2,6342774
738,6044276,2,6044276
739,5956626,2,5956626
740,6999759,2,6999759
741,6505058,2,6505058
742,7590092,2,7590092
743,6754908,2,6754908
744,6134336,2,6134336
745,6459892,2,6459892
746,6275611,2,6275611
747,6157632,2,6157632
748,6819083,2,6819083
749,6171138,2,6171138
750,7257421,2,7257421
751,6308079,2,6308079
752,6224393,2,6224393
753,6963730,2,6963730
754,6496794,2,6496794
755,6469997,2,6469997
756,6876543,2,6876543
757,7778652,2,7778652
758,6169802,2,6169802
759,6993296,2,6993296
760,7218666,2,7218666
761,5757229,2,5757229
762,7586990,2,7586990
763,6583716,2,6583716
764,6211819,2,6211819
765,7509148,2,7509148
766,6002948,2,6002948
767,7583973,2,7583973
768,6978136,2,6978136
769,6564047,2,6564047
770,7660986,2,7660986
771,5751378,2,5751378
772,7747004,2,7747004
773,6731940,2,6731940
774,5903844,2,5903844
775,7046910,2,7046910
776,6195342,2,6195342
777,6609004,2,6609004
778,6757337,2,6757337
779,6660427,2,6660427
780,6285786,2,6285786
781,6643541,2,6643541
782,6104993,2,6104993
783,6137994,2,6137994
784,6799201,2,6799201
785,6987819,2,6987819
786,6128287,2,6128287
787,5724004,2,5724004
788,6958984,2,6958984
789,6741873,2,6741873
790,7248645,2,7248645
791,6662010,2,6662010
792,7092568,2,7092568
793,6072790,2,6072790
794,5627931,2,5627931
795,5857173,2,5857173
796,6381477,2,6381477
797,6453160,2,6453160
798,6925123,2,6925123
799,7042855,2,7042855
800,7190956,2,7190956
801,5959693,2,5959693
802,7844229,2,7844229
803,5966667,2,5966667
804,7499700,2,7499700
805,6961384,2,6961384
806,6810323,2,6810323
807,7769087,2,7769087
808,6009336,2,6009336
809,6078571,2,6078571
810,6615036,2,6615036
811,6144651,2,6144651
812,6556817,1,6556817
813,5745695,1,5745695
814,6764788,1,6764788
815,7809282,1,7809282
816,6169903,1,6169903
817,7920795,1,7920795
818,6980818,1,6980818
819,8010985,1,8010985
820,7414990,1,7414990
821,7742624,1,7742624
822,6084968,1,6084968
823,7003045,1,7003045
824,5999815,1,5999815
825,6327307,1,6327307
826,6130883,1,6130883
827,7165112,1,7165112
828,6985138,1,6985138
829,6151397,1,6151397
830,7089577,1,7089577
831,6879584,1,6879584
832,6937873,1,6937873
833,7050773,1,7050773
834,7242784,1,7242784
835,6169886,1,6169886
836,7945255,1,7945255
837,7801066,1,7801066
838,6122335,1,6122335
839,5861777,1,5861777
840,5901357,1,5901357
841,7386128,1,7386128
842,6192247,1,6192247
843,7551372,1,7551372
844,7689228,1,7689228
845,7810105,1,7810105
846,7230550,1,7230550
847,7061879,1,7061879
848,6377713,1,6377713
849,6429811,1,6429811
850,7388544,1,7388544
851,5758264,1,5758264
852,6952574,1,6952574
853,8312142,1,8312142
854,5715282,1,5715282
855,7925293,1,7925293
856,7242722,1,7242722
857,7787870,1,7787870
858,8379655,1,8379655
859,7590996,1,7590996
860,6456852,1,6456852
861,6493629,1,6493629
862,7757148,1,7757148
863,7062544,1,7062544
864,6052064,1,6052064
865,7343171,1,7343171
866,7312729,1,7312729
867,7742788,1,7742788
868,8140102,1,8140102
869,6972382,1,6972382
870,6850040,1,6850040
871,7640020,1,7640020
872,6542753,1,6542753
873,5862488,1,5862488
874,7729433,1,7729433
875,6931477,1,6931477
876,6104512,1,6104512
877,6091962,1,6091962
878,7778653,1,7778653
879,6327299,1,6327299
880,6208637,1,6208637
881,7242956,1,7242956
882,6980816,1,6980816
883,6766171,1,6766171
884,5656917,1,5656917
885,8412209,1,8412209
886,7834853,1,7834853
887,6434381,1,6434381
888,7733919,1,7733919
889,6157726,1,6157726
890,7430459,1,7430459
891,7609676,1,7609676
892,7310809,1,7310809
893,6151572,1,6151572
894,5940452,1,5940452
895,5995840,1,5995840
896,5936516,1,5936516
897,7486044,1,7486044
898,6313732,1,6313732
899,6166787,1,6166787
900,6885638,1,6885638
901,6961427,1,6961427
902,6144276,1,6144276
903,6988064,1,6988064
904,7657272,1,7657272
905,6177881,1,6177881
906,6834075,1,6834075
907,7266101,1,7266101
908,6498358,1,6498358
909,5754953,1,5754953
910,5812542,1,5812542
911,7983426,1,7983426
912,6936361,1,6936361
913,5905407,1,5905407
914,6934275,1,6934275
915,6188767,1,6188767
916,5828295,1,5828295
917,6430405,1,6430405
918,6100664,1,6100664
919,7218943,1,7218943
920,7190947,1,7190947
921,7831992,1,7831992
922,6289129,1,6289129
923,5898696,1,5898696
924,7107018,1,7107018
925,7080397,1,7080397
926,7310423,1,7310423
927,7139586,1,7139586
928,6990081,1,6990081
929,7106814,1,7106814
930,6729547,1,6729547
931,7027840,1,7027840
932,7477196,1,7477196
933,8017864,1,8017864
934,7499719,1,7499719
935,6246327,1,6246327
936,7653398,1,7653398
937,5974085,1,5974085
938,5963848,1,5963848
939,5781583,1,5781583
940,7450722,1,7450722
941,5963876,1,5963876
942,7792670,1,7792670
943,8009612,1,8009612
944,6058106,1,6058106
945,6483851,1,6483851
946,6760589,1,6760589
947,7016319,1,7016319
948,7683965,1,7683965
949,7016315,1,7016315
950,6084468,1,6084468
951,7929701,1,7929701
952,6996172,1,6996172
953,6885242,1,6885242
954,6021332,1,6021332
955,6512776,1,6512776
956,6856628,1,6856628
957,5822699,1,5822699
958,6560215,1,6560215
959,5736933,1,5736933
960,6829475,1,6829475
961,6775536,1,6775536
962,7321780,1,7321780
963,6256008,1,6256008
964,6904611,1,6904611
965,6092041,1,6092041
966,6141541,1,6141541
967,6968158,1,6968158
968,6421347,1,6421347
969,6112100,1,6112100
970,6026086,1,6026086
971,7839927,1,7839927
972,6927728,1,6927728
973,6434159,1,6434159
974,6125137,1,6125137
975,6735435,1,6735435
976,7282891,1,7282891
977,6331972,1,6331972
978,8031583,1,8031583
979,6792534,1,6792534
980,6415252,1,6415252
981,6151497,1,6151497
982,7603120,1,7603120
983,7729357,1,7729357
984,7187759,1,7187759
985,6978474,1,6978474
986,5637418,1,5637418
987,7468573,1,7468573
988,7103782,1,7103782
989,7084815,1,7084815
990,6725021,1,6725021
991,7460509,1,7460509
992,5930304,1,5930304
993,6882971,1,6882971
994,5942938,1,5942938
995,5777558,1,5777558
996,7046799,1,7046799
997,6138010,1,6138010
998,7840119,1,7840119
999,6606359,1,6606359
1000,7706249,1,7706249
1001,7194099,1,7194099
1002,6101531,1,6101531
1003,6389269,1,6389269
1004,5982757,1,5982757
1005,6319631,1,6319631
1006,7076000,1,7076000
1007,7031373,1,7031373
1008,6699611,1,6699611
1009,6901259,1,6901259
1010,5692019,1,5692019
1011,7479928,1,7479928
1012,5920549,1,5920549
1013,6529728,1,6529728
1014,6374092,1,6374092
1015,6822611,1,6822611
1016,6080690,1,6080690
1017,8131286,1,8131286
1018,7065206,1,7065206
1019,7526001,1,7526001
1020,7342939,1,7342939
1021,6661853,1,6661853
1022,7095707,1,7095707
1023,7375730,1,7375730
1024,5982363,1,5982363
1025,7331793,1,7331793
1026,7787421,1,7787421
1027,5805095,1,5805095
1028,7428229,1,7428229
1029,7398453,1,7398453
1030,7380022,1,7380022
1031,5778030,1,5778030
1032,7660431,1,7660431
1033,6526031,1,6526031
1034,6298224,1,6298224
1035,6978424,1,6978424
1036,6292573,1,6292573
1037,7110766,1,7110766
1038,7603092,1,7603092
1039,6853445,1,6853445
1040,8223854,1,8223854
1041,6529488,1,6529488
1042,6542483,1,6542483
1043,6829313,1,6829313
1044,7787357,1,7787357
1045,6223035,1,6223035
1046,7089344,1,7089344
1047,6504494,1,6504494
1048,6934568,1,6934568
1049,6636745,1,6636745
1050,7996019,1,7996019
1051,8437798,1,8437798
1052,5926104,1,5926104
1053,7283806,1,7283806
1054,6259733,1,6259733
1055,6505055,1,6505055
1056,8290486,1,8290486
1057,6327300,1,6327300
1058,7142190,1,7142190
1059,6845235,1,6845235
1060,5835730,1,5835730
1061,7002942,1,7002942
1062,6443340,1,6443340
1063,6252867,1,6252867
1064,6996547,1,6996547
1065,5929806,1,5929806
1066,6967576,1,6967576
1067,6927432,1,6927432
1068,7103337,1,7103337
1069,8145127,1,8145127
1070,7920494,1,7920494
1071,7234119,1,7234119
1072,6054843,1,6054843
1073,6978124,1,6978124
1074,6880170,1,6880170
1075,5893036,1,5893036
1076,7072688,1,7072688
1077,5909444,1,5909444
1078,5924044,1,5924044
1079,6282182,1,6282182
1080,5796777,1,5796777
1081,5982411,1,5982411
1082,7626365,1,7626365
1083,5946346,1,5946346
1084,6378073,1,6378073
1085,6304763,1,6304763
1086,8253624,1,8253624
1087,7113771,1,7113771
1088,6161207,1,6161207
1089,7786901,1,7786901
1090,6018651,1,6018651
1091,7493087,1,7493087
1092,7567239,1,7567239
1093,7269152,1,7269152
1094,6242979,1,6242979
1095,6055413,1,6055413
1096,7451361,1,7451361
1097,7886355,1,7886355
1098,7512795,1,7512795
1099,6188904,1,6188904
1100,7764644,1,7764644
1101,7047005,1,7047005
1102,6697637,1,6697637
1103,7706443,1,7706443
1104,7042879,1,7042879
1105,7564908,1,7564908
1106,5797103,1,5797103
1107,6313787,1,6313787
1108,5754484,1,5754484
1109,8030914,1,8030914
1110,8224390,1,8224390
1111,7974536,1,7974536
1112,7676583,1,7676583
1113,7821996,1,7821996
1114,6114968,1,6114968
1115,7020198,1,7020198
1116,6944427,1,6944427
1117,5855003,1,5855003
1118,8204036,1,8204036
1119,6850285,1,6850285
1120,6094566,1,6094566
1121,6337983,1,6337983
1122,6026126,1,6026126
1123,7214999,1,7214999
1124,6819256,1,6819256
1125,6931251,1,6931251
1126,5929776,1,5929776
1127,7529263,1,7529263
1128,7509259,1,7509259
1129,7957772,1,7957772
1130,5793795,1,5793795
1131,7423997,1,7423997
1132,6016312,1,6016312
1133,6765882,1,6765882
1134,7305251,1,7305251
1135,6996779,1,6996779
1136,7302468,1,7302468
1137,7236858,1,7236858
1138,6080501,1,6080501
1139,5832026,1,5832026
1140,6617075,1,6617075
1141,8037011,1,8037011
1142,6987738,1,6987738
1143,7327704,1,7327704
1144,7149523,1,7149523
1145,7796083,1,7796083
1146,7206847,1,7206847
1147,7206044,1,7206044
1148,8175530,1,8175530
1149,6404764,1,6404764
1150,7446434,1,7446434
1151,7600880,1,7600880
1152,7796639,1,7796639
1153,6049192,1,6049192
1154,5949795,1,5949795
1155,6134121,1,6134121
1156,8108830,1,8108830
1157,6226403,1,6226403
1158,5825762,1,5825762
1159,7972051,1,7972051
1160,6636751,1,6636751
1161,5974032,1,5974032
1162,6344727,1,6344727
1163,5781530,1,5781530
1164,7016475,1,7016475
1165,6980811,1,6980811
1166,7606303,1,7606303
1167,6871074,1,6871074
1168,7983143,1,7983143
1169,6164531,1,6164531
1170,7801543,1,7801543
1171,6219840,1,6219840
1172,7084737,1,7084737
1173,6081510,1,6081510
1174,7085256,1,7085256
1175,7023814,1,7023814
1176,7616610,1,7616610
1177,7363044,1,7363044
1178,7102577,1,7102577
1179,7801527,1,7801527
1180,7426175,1,7426175
1181,8767632,1,8767632
1182,6940820,1,6940820
1183,6091969,1,6091969
1184,7257280,1,7257280
1185,5974184,1,5974184
1186,7133672,1,7133672
1187,7340221,1,7340221
1188,6643707,1,6643707
1189,6408176,1,6408176
1190,6807527,1,6807527
1191,5987021,1,5987021
1192,6377161,1,6377161
1193,5966671,1,5966671
1194,6125278,1,6125278
1195,7831267,1,7831267
1196,6112074,1,6112074
1197,5966651,1,5966651
1198,6624742,1,6624742
1199,8320267,1,8320267
1200,7388923,1,7388923
1201,6661371,1,6661371
1202,7359738,1,7359738
1203,6643503,1,6643503
1204,7693110,1,7693110
1205,6122271,1,6122271
1206,6369753,1,6369753
1207,7046988,1,7046988
1208,7167710,1,7167710
1209,7505764,1,7505764
1210,7148878,1,7148878
1211,8320878,1,8320878
1212,7630705,1,7630705
1213,6005498,1,6005498
1214,7062246,1,7062246
1215,5812956,1,5812956
1216,7792544,1,7792544
1217,7499689,1,7499689
1218,7079872,1,7079872
1219,6347228,1,6347228
1220,5771229,1,5771229
1221,7065068,1,7065068
1222,6978165,1,6978165
1223,7373013,1,7373013
1224,7873010,1,7873010
1225,7068230,1,7068230
1226,6421016,1,6421016
1227,7180875,1,7180875
1228,6571091,1,6571091
1229,6774737,1,6774737
1230,6505049,1,6505049
1231,6345307,1,6345307
1232,7676362,1,7676362
1233,6836676,1,6836676
1234,7555696,1,7555696
1235,6023615,1,6023615
1236,8275003,1,8275003
1237,6321197,1,6321197
1238,7471749,1,7471749
1239,7068708,1,7068708
1240,7643817,1,7643817
1241,8055211,1,8055211
1242,5901346,1,5901346
1243,8244250,1,8244250
1244,6947760,1,6947760
1245,7158482,1,7158482
1246,5999138,1,5999138
1247,8036237,1,8036237
1248,6173431,1,6173431
1249,7551738,1,7551738
1250,6570362,1,6570362
1251,7522675,1,7522675
1252,6304765,1,6304765
1253,6292475,1,6292475
1254,7633389,1,7633389
1255,6580754,1,6580754
1256,7239898,1,7239898
1257,7095403,1,7095403
1258,5988577,1,5988577
1259,6762723,1,6762723
1260,6768908,1,6768908
1261,5675286,1,5675286
1262,6285899,1,6285899
1263,7912009,1,7912009
1264,5812527,1,5812527
1265,6173181,1,6173181
1266,7516471,1,7516471
1267,6078793,1,6078793
1268,8229428,1,8229428
1269,6078809,1,6078809
1270,7450975,1,7450975
1271,6732321,1,6732321
1272,8285322,1,8285322
1273,7146015,1,7146015
1274,7263365,1,7263365
1275,7035270,1,7035270
1276,7489928,1,7489928
1277,5768319,1,5768319
1278,6925438,1,6925438
1279,6128763,1,6128763
1280,6873614,1,6873614
1281,5818887,1,5818887
1282,7262724,1,7262724
1283,8060012,1,8060012
1284,7315967,1,7315967
1285,5931513,1,5931513
1286,6044158,1,6044158
1287,6157545,1,6157545
