,PatentID,Citations
0,5764899,324
1,6587127,247
2,5867478,223
3,6269336,206
4,6141341,205
5,6829475,205
6,6810323,201
7,5771353,194
8,6526275,185
9,6101531,182
10,6526581,179
11,7412077,177
12,6377810,177
13,5917830,174
14,6731940,171
15,6107920,171
16,5745116,161
17,6184651,160
18,6157630,159
19,5958006,154
20,6374177,153
21,6009336,153
22,6725022,153
23,6212550,152
24,5738583,148
25,6728531,147
26,6885874,145
27,6206293,142
28,5834756,140
29,6233559,134
30,6331972,134
31,6456852,130
32,6748195,129
33,6757544,123
34,6889385,121
35,6265977,120
36,6043707,119
37,6658272,117
38,6434159,115
39,5870030,115
40,6493875,112
41,6640184,111
42,6058106,110
43,5948066,110
44,6505049,108
45,5991447,108
46,6421602,105
47,6993327,103
48,6668046,101
49,6052563,101
50,6246862,100
51,7050419,100
52,7035270,100
53,6895238,99
54,5894320,98
55,5777903,98
56,6980596,98
57,5781226,97
58,6223291,95
59,5928330,95
60,6756882,94
61,6049821,92
62,7243163,89
63,5909183,89
64,6927728,89
65,5952942,88
66,5982445,88
67,6542466,88
68,7970350,87
69,5740534,86
70,6522352,86
71,5999826,85
72,6799201,84
73,6169538,82
74,6212470,82
75,6609004,80
76,6005980,80
77,5786727,79
78,6832259,79
79,6859503,79
80,7593714,79
81,6052600,78
82,6606483,78
83,6463534,78
84,7113997,77
85,6701160,77
86,6173181,76
87,5903558,76
88,5982327,76
89,6061449,76
90,6057884,75
91,6657595,74
92,6970926,74
93,5768527,72
94,6647061,72
95,5974184,71
96,6449465,71
97,5663748,71
98,6625621,70
99,5963012,70
100,6888811,70
101,5943624,70
102,7181170,69
103,7519042,69
104,5815507,69
105,6160489,69
106,5974054,69
107,7136909,68
108,6086395,67
109,6567745,67
110,7231206,67
111,7139328,67
112,6572830,66
113,5832223,66
114,5757229,66
115,6349216,66
116,7962622,66
117,7159120,66
118,7042879,65
119,6175588,65
120,5966120,65
121,6539359,64
122,6216086,64
123,6807529,64
124,5699365,64
125,6801159,64
126,5705995,62
127,6690655,61
128,6879584,61
129,7057607,61
130,5893132,61
131,7215976,61
132,6999782,60
133,5886736,60
134,6564047,60
135,5880633,60
136,6426983,60
137,6791995,60
138,6944540,60
139,6577877,59
140,6756938,59
141,6965754,59
142,6067457,59
143,6484033,58
144,7085542,58
145,7006616,58
146,6487180,58
147,6920171,58
148,6744740,58
149,6018764,58
150,7043226,58
151,5729219,58
152,6486874,57
153,6912581,57
154,5982411,57
155,5771239,57
156,6912395,56
157,6334063,56
158,5950131,56
159,6105006,56
160,6867734,56
161,5945948,56
162,6762723,56
163,6324184,55
164,6640087,55
165,6957073,55
166,6741842,55
167,6337983,54
168,6307846,54
169,6882709,54
170,6128007,54
171,8270972,54
172,6865384,53
173,6011784,53
174,6512922,53
175,6130518,53
176,6980816,53
177,6404764,53
178,6160449,52
179,6078611,52
180,5675344,52
181,6493671,52
182,6038263,52
183,6141541,52
184,8520589,52
185,7016319,52
186,6014102,52
187,6385583,52
188,7039048,52
189,7062556,52
190,5850594,51
191,6839070,51
192,6009173,51
193,5774827,51
194,6751464,51
195,5862480,51
196,6588015,51
197,7013143,51
198,6344727,50
199,5949948,50
200,7271569,50
201,6345307,49
202,7221945,49
203,6160545,49
204,6834183,49
205,6131013,49
206,6041314,49
207,7509649,49
208,5877821,49
209,5956088,49
210,5862451,48
211,6072831,48
212,6167084,48
213,6259733,48
214,6011699,48
215,6157253,48
216,7190956,48
217,5982363,48
218,6084967,47
219,6754504,47
220,5892769,47
221,5751378,47
222,8463232,47
223,5883580,47
224,6434197,46
225,6226612,46
226,5826188,46
227,5901346,46
228,6922170,46
229,6381467,46
230,7043208,46
231,6487721,45
232,7248645,45
233,6671525,45
234,6008636,45
235,5867230,45
236,6700867,45
237,6643541,45
238,7062261,44
239,5936464,44
240,6665521,44
241,5859522,44
242,6173005,44
243,6801642,44
244,5809059,44
245,6285681,44
246,6765536,44
247,7120926,44
248,7200112,44
249,6151497,43
250,6208871,43
251,6993342,43
252,7212111,43
253,6970127,43
254,7508842,43
255,6091959,43
256,5956729,43
257,7231516,43
258,6080690,42
259,6466804,42
260,5956626,42
261,6438109,42
262,6069886,42
263,5886575,42
264,7089577,42
265,6704046,42
266,7272564,42
267,6069896,41
268,6487252,41
269,6208637,41
270,6912507,41
271,5838740,41
272,6307901,41
273,6060997,41
274,6313787,41
275,7003464,40
276,6882971,40
277,5905407,40
278,6215474,40
279,6175740,40
280,6285786,40
281,6016312,40
282,6987819,40
283,6374092,40
284,7751826,40
285,6108558,40
286,6668169,40
287,7165112,40
288,6429808,40
289,6085074,39
290,6097252,39
291,6330459,39
292,6934275,39
293,6678740,39
294,6701162,39
295,5940076,39
296,6850503,39
297,6085252,38
298,6173330,38
299,5802044,38
300,6956893,38
301,7287097,38
302,6363249,38
303,6141393,38
304,6268077,38
305,6211819,38
306,6321073,38
307,5877812,38
308,6605454,38
309,6112074,38
310,6138034,38
311,6434381,37
312,6295606,37
313,6700441,37
314,6088337,37
315,5739723,37
316,7099389,37
317,6549789,37
318,6668173,37
319,7242722,37
320,6591095,37
321,6842621,37
322,6317755,37
323,5854571,37
324,6028485,37
325,6084968,37
326,5901142,37
327,6163701,37
328,7331793,36
329,6857132,36
330,6526349,36
331,6256504,36
332,6983370,36
333,7126996,36
334,7405703,36
335,6259741,36
336,6026086,36
337,5999046,36
338,6771657,35
339,6556814,35
340,6175587,35
341,7724707,35
342,5940400,35
343,5710998,35
344,6009325,35
345,6847311,35
346,6686931,35
347,7599327,35
348,6171138,35
349,6034950,35
350,7076528,35
351,6122270,35
352,6191738,35
353,6125279,35
354,7940740,35
355,6977675,35
356,6807317,35
357,5982819,35
358,6661409,34
359,6331817,34
360,5774802,34
361,6493673,34
362,7224970,34
363,6272219,34
364,6317411,34
365,5956490,34
366,5953669,34
367,6529804,34
368,5828660,34
369,7110455,34
370,6040781,34
371,5867510,34
372,7315967,33
373,6141564,33
374,7623447,33
375,6978136,33
376,6904550,33
377,6807563,33
378,6996227,33
379,7443316,33
380,7095707,33
381,5922047,33
382,7095403,33
383,6441754,33
384,6658000,33
385,5946356,33
386,6192256,33
387,6263209,33
388,6898567,33
389,6498358,33
390,6834384,33
391,6282189,33
392,6459892,32
393,5896575,32
394,6233235,32
395,6043838,32
396,6256393,32
397,6909707,32
398,6018299,32
399,5637418,32
400,6134223,32
401,6300864,32
402,6744766,32
403,5703877,32
404,6141542,32
405,6104317,32
406,6313732,31
407,6940407,31
408,6429811,31
409,6378073,31
410,6633653,31
411,7466859,31
412,6141011,31
413,7254405,31
414,6438360,31
415,6108314,31
416,7321780,31
417,6122014,30
418,6741554,30
419,6987888,30
420,6055333,30
421,5857155,30
422,7085576,30
423,7027838,30
424,6208839,30
425,6459440,30
426,6937617,30
427,5842162,30
428,6298233,30
429,6308294,30
430,6973332,30
431,6822946,30
432,6834043,29
433,6999759,29
434,6011579,29
435,6424623,29
436,6532593,29
437,5983092,29
438,7262724,29
439,5751813,29
440,7149521,29
441,7177475,29
442,6984516,29
443,7202825,29
444,6529525,29
445,6699611,29
446,6311167,29
447,7039432,28
448,7457588,28
449,5696765,28
450,8031583,28
451,5705955,28
452,6958984,28
453,6834265,28
454,5953413,28
455,6038457,28
456,5886993,28
457,6127058,28
458,6441786,28
459,5901347,28
460,6282183,28
461,5884266,28
462,6020878,28
463,6643512,28
464,6710578,27
465,5883886,27
466,7154468,27
467,5892910,27
468,5744258,27
469,5790607,27
470,6269402,27
471,5974447,27
472,7143333,27
473,7243366,27
474,6014376,27
475,5809538,27
476,6948183,27
477,5991618,27
478,5949827,27
479,6192253,27
480,6424743,27
481,5893024,27
482,6480096,27
483,6246327,27
484,6346911,26
485,6366302,26
486,5689413,26
487,6141540,26
488,6212393,26
489,5872777,26
490,5675287,26
491,6683916,26
492,6236960,26
493,6404743,26
494,6233231,26
495,6992580,26
496,6323849,26
497,7047006,26
498,6792293,26
499,5799256,26
500,6466938,26
501,6182038,26
502,6625470,26
503,6493629,26
504,5745695,26
505,5987518,26
506,6133850,26
507,6401242,26
508,6259491,26
509,7007296,26
510,5781583,25
511,5933330,25
512,6660427,25
513,6363139,25
514,6240100,25
515,6529488,25
516,6212414,25
517,6385462,25
518,6505058,25
519,6927432,25
520,6904097,25
521,6175273,25
522,6314519,25
523,7283845,25
524,7085246,25
525,6298135,25
526,5724004,25
527,7076428,25
528,6275693,25
529,6012634,25
530,6496709,25
531,6795768,25
532,6754475,25
533,6275500,25
534,5656917,25
535,6876543,25
536,5859594,25
537,5867140,25
538,7389235,25
539,6411946,25
540,6011510,25
541,5850611,25
542,5694120,24
543,6836212,24
544,6662154,24
545,6505055,24
546,7640373,24
547,6978474,24
548,7239867,24
549,6314095,24
550,5901344,24
551,5862452,24
552,6281748,24
553,7158678,24
554,7003275,24
555,6934299,24
556,5966667,24
557,6157669,24
558,5740532,24
559,6157814,24
560,6728965,24
561,7142852,24
562,6839841,24
563,5661433,24
564,6339612,24
565,5924044,23
566,5946346,23
567,7243134,23
568,6690723,23
569,7466665,23
570,6725043,23
571,6643327,23
572,6091969,23
573,7308035,23
574,5652616,23
575,7155483,23
576,6829313,23
577,6134237,23
578,7626612,23
579,6228440,23
580,7269152,23
581,6219840,23
582,6067324,23
583,6342774,23
584,6836806,23
585,6529520,23
586,6529144,23
587,6385242,23
588,6968508,23
589,6470317,23
590,7426175,23
591,6463382,23
592,6070089,23
593,6563427,23
594,6272333,22
595,5948562,22
596,7675970,22
597,6130613,22
598,7070349,22
599,6889212,22
600,6052064,22
601,6031467,22
602,6212391,22
603,6049707,22
604,6570922,22
605,6885708,22
606,5862140,22
607,6232970,22
608,6253063,22
609,5910944,22
610,5999821,22
611,6735435,22
612,6898285,22
613,6987738,22
614,6643707,22
615,7356000,22
616,6167268,22
617,6775536,22
618,6937602,22
619,6114968,22
620,7333062,22
621,6973030,22
622,6275611,21
623,6984816,21
624,6810525,21
625,7676583,21
626,6006017,21
627,5835730,21
628,7230550,21
629,7418007,21
630,6310634,21
631,5774857,21
632,6799038,21
633,6009323,21
634,7053799,21
635,6275536,21
636,6173431,21
637,6842170,21
638,6091332,21
639,7221722,21
640,6252867,21
641,5784001,21
642,6269254,21
643,6112244,21
644,6236664,21
645,7020165,21
646,7197331,21
647,RE38563,21
648,6710518,21
649,7468573,21
650,6138010,20
651,6373829,20
652,6972542,20
653,5907615,20
654,6885638,20
655,6148183,20
656,6804518,20
657,6917182,20
658,7020175,20
659,7957360,20
660,8194572,20
661,7023871,20
662,6363349,20
663,6865347,20
664,6493388,20
665,6470180,20
666,6483874,20
667,6009086,20
668,5661635,20
669,6185266,20
670,7058407,20
671,5930288,20
672,6018671,20
673,6151318,20
674,6161207,20
675,6791945,20
676,7415041,20
677,6094565,20
678,6353359,20
679,6242979,20
680,5848357,20
681,6005498,20
682,5960350,20
683,6904460,20
684,7302468,20
685,5881069,20
686,6421347,19
687,6347228,19
688,6044090,19
689,6954649,19
690,6246676,19
691,6925501,19
692,6377161,19
693,7347781,19
694,6958759,19
695,7213062,19
696,6493556,19
697,5940452,19
698,7218943,19
699,5745867,19
700,5771229,19
701,7098897,19
702,7834853,19
703,7129854,19
704,6785395,19
705,6882856,19
706,6771666,19
707,6732270,19
708,6138040,19
709,7117009,19
710,5954817,19
711,6018360,19
712,6950796,19
713,7848241,18
714,6356961,18
715,6563868,18
716,7380022,18
717,7139806,18
718,5793866,18
719,7999660,18
720,6122271,18
721,6192029,18
722,6012063,18
723,6766353,18
724,6668043,18
725,7461106,18
726,7512110,18
727,6735562,18
728,7433649,18
729,7130359,18
730,6912195,18
731,5796777,18
732,5745203,18
733,6999467,18
734,6321070,18
735,7660353,18
736,6046402,18
737,6052562,18
738,5896379,18
739,6509659,18
740,6687259,18
741,6628711,18
742,6880170,18
743,6205326,18
744,6157545,18
745,7403838,18
746,6134226,18
747,6072778,18
748,6278723,18
749,8351536,18
750,6094428,17
751,6729547,17
752,7801527,17
753,5758264,17
754,6477372,17
755,6078809,17
756,6384727,17
757,7139237,17
758,6959170,17
759,6757337,17
760,6600928,17
761,6195342,17
762,7098666,17
763,6091759,17
764,6995751,17
765,6671852,17
766,6285899,17
767,6490256,17
768,6862433,17
769,7061879,17
770,6167235,17
771,6583765,17
772,5742623,17
773,6078126,17
774,7088220,17
775,6125278,17
776,6466611,17
777,7519359,17
778,6758303,17
779,7844265,17
780,7107018,17
781,6104709,17
782,5815804,17
783,7092568,17
784,7043249,17
785,6137802,17
786,6704572,17
787,6091757,17
788,5940381,17
789,6009130,16
790,7138977,16
791,7400856,16
792,6134268,16
793,6366880,16
794,6073092,16
795,6580754,16
796,5940756,16
797,6002937,16
798,7539466,16
799,6112100,16
800,6721267,16
801,7277726,16
802,6389287,16
803,6792534,16
804,6011800,16
805,7049941,16
806,6311306,16
807,8204446,16
808,8077154,16
809,6166787,16
810,6169731,16
811,6049192,16
812,6940820,16
813,7818792,16
814,6915530,16
815,6732218,16
816,6633839,16
817,6084904,16
818,5893044,16
819,7657434,16
820,6040683,16
821,7986983,16
822,7176838,16
823,7062246,16
824,7536454,16
825,6529746,16
826,6463142,16
827,6041241,16
828,7016855,16
829,5697793,16
830,5724509,16
831,5926503,16
832,5945772,16
833,5963876,16
834,5903844,16
835,5894500,15
836,6879998,15
837,5869204,15
838,7237108,15
839,6983026,15
840,6374100,15
841,7343548,15
842,6774796,15
843,5901357,15
844,6144651,15
845,6104512,15
846,5898831,15
847,7089344,15
848,6018651,15
849,6453291,15
850,6497975,15
851,6720864,15
852,7164893,15
853,6606359,15
854,6920119,15
855,6128287,15
856,7633449,15
857,7277453,15
858,8000254,15
859,5966384,15
860,7398100,15
861,7239650,15
862,6080501,15
863,6782208,15
864,6600369,15
865,6185429,15
866,7742777,15
867,5793213,15
868,6952574,15
869,6064269,15
870,6769091,15
871,6915312,15
872,7437013,15
873,7073041,15
874,6038549,15
875,6170005,15
876,6889067,15
877,6901117,15
878,5851692,15
879,6889045,15
880,6758404,15
881,6858436,15
882,5926104,14
883,6731613,14
884,6304763,14
885,6487407,14
886,6115388,14
887,7475393,14
888,6658232,14
889,8060012,14
890,6240303,14
891,5963848,14
892,6363246,14
893,7414989,14
894,5856766,14
895,5732387,14
896,6023615,14
897,6675022,14
898,6671849,14
899,7181223,14
900,6154485,14
901,6822611,14
902,5930299,14
903,7136482,14
904,7230930,14
905,5926501,14
906,6217623,14
907,8018893,14
908,6624726,14
909,6658268,14
910,7047050,14
911,6157631,14
912,7274683,14
913,5716725,14
914,5931513,14
915,6005848,14
916,6352434,14
917,7188026,14
918,6351656,14
919,6718374,14
920,5983082,14
921,7181667,14
922,7110766,14
923,7526451,14
924,7590100,14
925,6569553,14
926,7630705,14
927,7064706,14
928,5771461,14
929,6934568,14
930,6741873,14
931,6408436,14
932,5790545,14
933,6400755,14
934,5815407,14
935,7933571,14
936,5809020,14
937,6327300,13
938,8037541,13
939,6034971,13
940,6625425,13
941,6292781,13
942,6631127,13
943,6223030,13
944,5640166,13
945,6151572,13
946,5857173,13
947,7103782,13
948,6687486,13
949,7634688,13
950,6300835,13
951,6434366,13
952,5849433,13
953,5787130,13
954,6615267,13
955,6018667,13
956,6262629,13
957,6768908,13
958,6115620,13
959,6731684,13
960,7206854,13
961,5799012,13
962,5745481,13
963,7164930,13
964,6347882,13
965,6185433,13
966,6473631,13
967,5867060,13
968,6498667,13
969,6104808,13
970,6483913,13
971,7590092,13
972,6959050,13
973,6018521,13
974,6092041,13
975,6765905,13
976,6321197,13
977,6400720,13
978,7706249,13
979,8102802,13
980,6574487,13
981,7593718,13
982,5920576,13
983,6653816,13
984,6553021,13
985,7266198,13
986,8073062,13
987,6128735,13
988,7451312,13
989,7065068,13
990,7242929,13
991,5877633,13
992,6411815,13
993,6016107,13
994,7929921,13
995,6882677,12
996,7042855,12
997,7007064,12
998,6423434,12
999,6252862,12
1000,7339636,12
1001,5959693,12
1002,7148789,12
1003,7082290,12
1004,7804770,12
1005,6978165,12
1006,6862460,12
1007,6449312,12
1008,5732350,12
1009,7412149,12
1010,6671882,12
1011,6044260,12
1012,7447765,12
1013,5694438,12
1014,7197291,12
1015,7266101,12
1016,7876697,12
1017,7672310,12
1018,7180875,12
1019,5768319,12
1020,6754169,12
1021,6925064,12
1022,7260394,12
1023,6496794,12
1024,7451009,12
1025,6081600,12
1026,7848438,12
1027,6052561,12
1028,6084468,12
1029,7639131,12
1030,5855003,12
1031,7242932,12
1032,5815807,12
1033,5988577,12
1034,6021332,12
1035,6766182,12
1036,8255698,12
1037,7823155,12
1038,6304558,12
1039,7031344,12
1040,7653422,12
1041,5754659,12
1042,7068230,12
1043,6075484,12
1044,6994575,12
1045,6967576,12
1046,7624357,12
1047,6219540,12
1048,7616654,12
1049,6201955,12
1050,6252455,12
1051,6138011,12
1052,7272190,12
1053,6308079,12
1054,5878045,12
1055,7313811,12
1056,6289377,12
1057,6148208,12
1058,5659622,12
1059,6125286,12
1060,7729696,12
1061,7012563,12
1062,6901603,12
1063,6304581,12
1064,6850285,12
1065,7548558,12
1066,7026789,12
1067,7738907,11
1068,6804782,11
1069,6167275,11
1070,6492792,11
1071,5940799,11
1072,6047066,11
1073,6009091,11
1074,7035731,11
1075,7181689,11
1076,6418149,11
1077,5862453,11
1078,6148211,11
1079,6053743,11
1080,7492752,11
1081,5991800,11
1082,6068946,11
1083,6443340,11
1084,7069027,11
1085,6438114,11
1086,6058107,11
1087,5935220,11
1088,6088569,11
1089,7139586,11
1090,6813778,11
1091,6785321,11
1092,5712593,11
1093,6359392,11
1094,7397803,11
1095,6765966,11
1096,5949795,11
1097,6836249,11
1098,6148064,11
1099,6504494,11
1100,6214487,11
1101,5996110,11
1102,7069211,11
1103,7282891,11
1104,6176401,11
1105,6990081,11
1106,6055413,11
1107,7852838,11
1108,6819256,11
1109,6275488,11
1110,7398453,11
1111,6465119,11
1112,D678232,11
1113,5990806,11
1114,5842127,11
1115,6215360,11
1116,6039608,11
1117,5768103,11
1118,6289220,11
1119,6389389,11
1120,6927763,11
1121,7313198,11
1122,6421016,11
1123,7108914,11
1124,7242923,11
1125,7499700,11
1126,6941149,11
1127,6665283,11
1128,7519830,11
1129,5893036,11
1130,6438519,11
1131,6349314,11
1132,6016422,11
1133,6011909,11
1134,6965763,11
1135,6178327,11
1136,5812527,11
1137,5842122,11
1138,7158482,11
1139,6603406,11
1140,8121552,11
1141,6144186,11
1142,6734898,11
1143,6425133,11
1144,6188979,11
1145,6636745,11
1146,6253223,11
1147,7643817,11
1148,7310379,11
1149,6956544,11
1150,7428229,11
1151,6922432,11
1152,8195233,11
1153,6330285,11
1154,7212809,11
1155,6519239,11
1156,7471734,11
1157,6927747,11
1158,6289129,11
1159,6222880,11
1160,7071814,11
1161,7561553,10
1162,7672381,10
1163,6667769,10
1164,7493117,10
1165,5825762,10
1166,6453045,10
1167,5881370,10
1168,7616610,10
1169,7084815,10
1170,5970058,10
1171,5987024,10
1172,7085544,10
1173,7130610,10
1174,5920549,10
1175,6904611,10
1176,6041048,10
1177,6937874,10
1178,6978022,10
1179,7825901,10
1180,6308077,10
1181,7746836,10
1182,6997379,10
1183,7072309,10
1184,7133672,10
1185,7653383,10
1186,7375730,10
1187,6006068,10
1188,7236477,10
1189,7138979,10
1190,6298082,10
1191,7500198,10
1192,5854785,10
1193,6487184,10
1194,7472247,10
1195,6707272,10
1196,7206847,10
1197,6529748,10
1198,6292573,10
1199,7853857,10
1200,7729433,10
1201,5831479,10
1202,7660986,10
1203,5933558,10
1204,6133657,10
1205,6512776,10
1206,8116612,10
1207,7091911,10
1208,5822314,10
1209,6649852,10
1210,7020394,10
1211,6925128,10
1212,6466126,10
1213,D600667,10
1214,7234119,10
1215,6600450,10
1216,6157679,10
1217,6256494,10
1218,7084877,10
1219,7886355,10
1220,5717307,10
1221,7148764,10
1222,D688222,10
1223,6895254,10
1224,6546101,10
1225,7426382,10
1226,6928726,10
1227,6351653,10
1228,6141387,10
1229,6161018,10
1230,7907671,10
1231,7233916,10
1232,6169802,10
1233,6161015,10
1234,7209462,10
1235,6064894,10
1236,7130511,10
1237,6449305,10
1238,7656842,10
1239,7684813,10
1240,5724001,10
1241,7522675,10
1242,7024207,10
1243,6606557,10
1244,7742697,10
1245,7343313,10
1246,8395587,10
1247,7551372,10
1248,6415252,10
1249,6336091,10
1250,6678523,10
1251,7248842,10
1252,6127802,10
1253,6483851,10
1254,5991262,10
1255,6553060,10
1256,6757269,10
1257,6556817,10
1258,5745848,10
1259,5692019,10
1260,7167710,10
1261,6430408,10
1262,6256008,9
1263,5995840,9
1264,8000305,9
1265,6128763,9
1266,7203897,9
1267,5757367,9
1268,6985138,9
1269,7002938,9
1270,5987018,9
1271,6285282,9
1272,8108830,9
1273,6301265,9
1274,7706443,9
1275,7339909,9
1276,6285682,9
1277,7729366,9
1278,7957772,9
1279,7360446,9
1280,7684341,9
1281,7048556,9
1282,6754908,9
1283,7007203,9
1284,5861777,9
1285,5710975,9
1286,5889791,9
1287,6421607,9
1288,6212382,9
1289,7373013,9
1290,6070072,9
1291,7343283,9
1292,6650995,9
1293,7453219,9
1294,7209755,9
1295,7080397,9
1296,7667371,9
1297,7117019,9
1298,6993335,9
1299,6072987,9
1300,6668164,9
1301,7176980,9
1302,6592272,9
1303,6359838,9
1304,7214999,9
1305,6323804,9
1306,6754854,9
1307,6381477,9
1308,7433653,9
1309,7162740,9
1310,6088340,9
1311,6888806,9
1312,7165205,9
1313,7747257,9
1314,7489930,9
1315,6717950,9
1316,7047005,9
1317,7103337,9
1318,5896054,9
1319,6885645,9
1320,7558587,9
1321,6925123,9
1322,6760602,9
1323,6041045,9
1324,7136680,9
1325,6266513,9
1326,6438381,9
1327,8055256,9
1328,7810105,9
1329,6421379,9
1330,7512795,9
1331,6624742,9
1332,6430405,9
1333,7183844,9
1334,6826388,9
1335,7245935,9
1336,7478416,9
1337,5728181,9
1338,6856628,9
1339,6529728,9
1340,7020215,9
1341,6985733,9
1342,7206044,9
1343,5956390,9
1344,6883050,9
1345,7426194,9
1346,6961569,9
1347,6584301,9
1348,7113771,9
1349,7106814,9
1350,7796639,9
1351,7202878,9
1352,7742771,9
1353,6104991,9
1354,6094423,9
1355,7257430,9
1356,7243149,9
1357,7139246,9
1358,6661371,9
1359,6406808,9
1360,7062240,9
1361,7012970,9
1362,6725021,9
1363,6078571,9
1364,5901354,9
1365,6903743,9
1366,6101175,9
1367,6373433,9
1368,7295813,9
1369,6404811,9
1370,6944186,8
1371,6556131,8
1372,5958572,8
1373,7277457,8
1374,7633389,8
1375,7027398,8
1376,7218666,8
1377,6134450,8
1378,5878098,8
1379,7490345,8
1380,7620175,8
1381,7204156,8
1382,6889049,8
1383,5809421,8
1384,6640012,8
1385,6177907,8
1386,6861989,8
1387,6148203,8
1388,D688221,8
1389,5742610,8
1390,6201968,8
1391,6727016,8
1392,7403165,8
1393,5737369,8
1394,7523035,8
1395,7586990,8
1396,6122283,8
1397,6132048,8
1398,6002676,8
1399,7398091,8
1400,5834972,8
1401,5966651,8
1402,5784585,8
1403,5806023,8
1404,5956641,8
1405,6138042,8
1406,7099294,8
1407,6271837,8
1408,7873338,8
1409,8016192,8
1410,6912406,8
1411,7000173,8
1412,8149144,8
1413,7477699,8
1414,7039115,8
1415,6970817,8
1416,7769353,8
1417,6377792,8
1418,6327299,8
1419,7395048,8
1420,6625810,8
1421,6006079,8
1422,6711380,8
1423,5933062,8
1424,7360957,8
1425,5982351,8
1426,7084737,8
1427,6256493,8
1428,5742597,8
1429,7536186,8
1430,7239898,8
1431,6366601,8
1432,6939641,8
1433,6424637,8
1434,8050686,8
1435,6463275,8
1436,5635151,8
1437,6819083,8
1438,6134446,8
1439,7277731,8
1440,7499973,8
1441,5758293,8
1442,7577441,8
1443,7265720,8
1444,6084546,8
1445,6904081,8
1446,6691028,8
1447,6799062,8
1448,6092111,8
1449,7783952,8
1450,5842130,8
1451,6319631,8
1452,6820126,8
1453,5999522,8
1454,6009552,8
1455,6909761,8
1456,6226403,8
1457,5862488,8
1458,5828295,8
1459,6993652,8
1460,7729298,8
1461,6567663,8
1462,7340221,8
1463,6775541,8
1464,6856657,8
1465,6975881,8
1466,5935209,8
1467,6903724,8
1468,6597890,8
1469,6694149,8
1470,6212385,8
1471,6188904,8
1472,7047310,8
1473,7212789,8
1474,7177819,8
1475,5969508,8
1476,7088294,8
1477,5727026,8
1478,6408176,8
1479,6934561,8
1480,5937351,8
1481,7643832,8
1482,5777984,8
1483,5541019,8
1484,5930268,7
1485,6163765,7
1486,6134121,7
1487,6980811,7
1488,6717520,7
1489,6839576,7
1490,5853916,7
1491,7519365,7
1492,6839542,7
1493,7200190,7
1494,6449264,7
1495,6909741,7
1496,7251820,7
1497,7265724,7
1498,6219703,7
1499,6486733,7
1500,6192247,7
1501,5894498,7
1502,6735423,7
1503,7529379,7
1504,6625503,7
1505,6788929,7
1506,RE38564,7
1507,7558575,7
1508,5681357,7
1509,6944137,7
1510,6389269,7
1511,7310377,7
1512,7889103,7
1513,6081815,7
1514,7076675,7
1515,5910951,7
1516,6078821,7
1517,6219420,7
1518,7158502,7
1519,6169903,7
1520,7200363,7
1521,7336620,7
1522,7317797,7
1523,6157844,7
1524,6901259,7
1525,6907237,7
1526,6434158,7
1527,6766171,7
1528,6748324,7
1529,6048638,7
1530,5710972,7
1531,6650298,7
1532,7784366,7
1533,6896548,7
1534,6486794,7
1535,7002942,7
1536,5794185,7
1537,7240832,7
1538,5892396,7
1539,7876199,7
1540,5751763,7
1541,7548548,7
1542,6144649,7
1543,5627931,7
1544,6351531,7
1545,7373181,7
1546,5889768,7
1547,6978424,7
1548,6198735,7
1549,7702289,7
1550,7792517,7
1551,6879623,7
1552,7436811,7
1553,7394012,7
1554,7095439,7
1555,7106865,7
1556,6387559,7
1557,7965689,7
1558,7689234,7
1559,6097953,7
1560,5631103,7
1561,7652578,7
1562,7079872,7
1563,7468966,7
1564,7620017,7
1565,5809025,7
1566,7048897,7
1567,7072688,7
1568,7423997,7
1569,5831491,7
1570,5742594,7
1571,5644743,7
1572,7106714,7
1573,6038535,7
1574,5881377,7
1575,6798441,7
1576,5812542,7
1577,7634296,7
1578,5812540,7
1579,6658057,7
1580,6353742,7
1581,6646418,7
1582,7187736,7
1583,6622136,7
1584,7729357,7
1585,7136644,7
1586,6980912,7
1587,6128479,7
1588,6049543,7
1589,6990320,7
1590,5943333,7
1591,7050641,7
1592,6356708,7
1593,7269563,7
1594,7920696,7
1595,6721333,7
1596,5914958,7
1597,7271948,7
1598,6373828,7
1599,7342955,7
1600,5612956,7
1601,5710639,7
1602,6526031,7
1603,7363492,7
1604,6823180,7
1605,6493198,7
1606,5675286,7
1607,6996779,7
1608,6895444,7
1609,7676106,7
1610,6952573,7
1611,6289224,7
1612,7068719,7
1613,7333795,7
1614,6789205,7
1615,6724825,7
1616,7479927,7
1617,6327275,7
1618,7365651,7
1619,6153834,7
1620,7343181,7
1621,6978147,7
1622,6850777,7
1623,7668915,7
1624,6625428,7
1625,6980597,7
1626,6360097,7
1627,7684755,7
1628,5715240,7
1629,7054450,7
1630,6660423,6
1631,5974085,6
1632,7693110,6
1633,5806031,6
1634,7409606,6
1635,7054323,6
1636,6747685,6
1637,5697538,6
1638,6944473,6
1639,5966671,6
1640,7307523,6
1641,5945852,6
1642,7911935,6
1643,5625683,6
1644,5737404,6
1645,6948130,6
1646,7133373,6
1647,7050773,6
1648,5898696,6
1649,5832026,6
1650,6226317,6
1651,6618365,6
1652,6141453,6
1653,7787870,6
1654,7395065,6
1655,6771991,6
1656,6099990,6
1657,7170341,6
1658,6480555,6
1659,7979775,6
1660,7763314,6
1661,6208668,6
1662,6836676,6
1663,7187959,6
1664,7257227,6
1665,7596812,6
1666,6104993,6
1667,7386128,6
1668,7395097,6
1669,5818906,6
1670,7177628,6
1671,7020444,6
1672,5859625,6
1673,6134527,6
1674,7209717,6
1675,6794935,6
1676,6108315,6
1677,6223154,6
1678,5886572,6
1679,6134452,6
1680,6132895,6
1681,7487534,6
1682,7092684,6
1683,5648970,6
1684,7328036,6
1685,7199762,6
1686,7675923,6
1687,7773535,6
1688,7421025,6
1689,7283956,6
1690,5873023,6
1691,5764111,6
1692,6711684,6
1693,6850284,6
1694,7430459,6
1695,7194261,6
1696,6002678,6
1697,6484945,6
1698,7451361,6
1699,7027979,6
1700,5723229,6
1701,7003333,6
1702,8139353,6
1703,D636783,6
1704,5764690,6
1705,7117001,6
1706,7181765,6
1707,5972537,6
1708,7196260,6
1709,6278453,6
1710,6650620,6
1711,6839387,6
1712,7742624,6
1713,6570856,6
1714,7912020,6
1715,7310423,6
1716,7415273,6
1717,7050505,6
1718,7228415,6
1719,7046910,6
1720,7164725,6
1721,6151397,6
1722,6592696,6
1723,6665549,6
1724,7817987,6
1725,6947760,6
1726,5828671,6
1727,6023230,6
1728,6865164,6
1729,7690006,6
1730,7088838,6
1731,6169898,6
1732,6044158,6
1733,7103391,6
1734,7088988,6
1735,7106358,6
1736,7446795,6
1737,7023921,6
1738,7457590,6
1739,6898208,6
1740,6192245,6
1741,6854077,6
1742,7046799,6
1743,7928914,6
1744,7924763,6
1745,6453160,6
1746,6511280,6
1747,5905956,6
1748,6044153,6
1749,6721562,6
1750,7062544,6
1751,6862277,6
1752,6216015,6
1753,5959546,6
1754,6477160,6
1755,6732321,6
1756,6058315,6
1757,7089020,6
1758,6067444,6
1759,6055229,6
1760,6697016,6
1761,6049537,6
1762,7430174,6
1763,6643503,6
1764,6417874,6
1765,5800937,6
1766,7028373,6
1767,8036237,6
1768,6327307,6
1769,7190263,6
1770,6097721,6
1771,6678258,6
1772,7110536,6
1773,7130342,6
1774,5710976,6
1775,7697447,6
1776,6904094,6
1777,6452811,6
1778,7171603,6
1779,7272382,6
1780,5966101,6
1781,5854972,6
1782,7831887,6
1783,6285548,6
1784,7784071,6
1785,6983169,6
1786,8412209,6
1787,7920494,6
1788,6469997,6
1789,6628953,6
1790,5745520,6
1791,8327237,6
1792,7933238,6
1793,7697497,6
1794,6584325,6
1795,5945286,6
1796,7469182,5
1797,7188297,5
1798,7443657,5
1799,7729715,5
1800,5969545,5
1801,7019491,5
1802,7929010,5
1803,6154633,5
1804,6553342,5
1805,8165586,5
1806,5905448,5
1807,6934549,5
1808,7113514,5
1809,5946620,5
1810,7697480,5
1811,5982757,5
1812,6564043,5
1813,5999115,5
1814,6577849,5
1815,7895594,5
1816,5946653,5
1817,6134336,5
1818,5665265,5
1819,6631259,5
1820,7426198,5
1821,6332072,5
1822,7921553,5
1823,5832038,5
1824,6249894,5
1825,6917675,5
1826,6549523,5
1827,6137994,5
1828,7688764,5
1829,6259744,5
1830,7509259,5
1831,5761504,5
1832,5745844,5
1833,7822973,5
1834,7031397,5
1835,6377808,5
1836,6571091,5
1837,7155219,5
1838,5912878,5
1839,6157726,5
1840,7640020,5
1841,7705728,5
1842,8126076,5
1843,6615036,5
1844,6976081,5
1845,5929702,5
1846,6501737,5
1847,6434195,5
1848,7564901,5
1849,6327469,5
1850,7840119,5
1851,7076661,5
1852,6696866,5
1853,7642933,5
1854,6269137,5
1855,6452930,5
1856,7080009,5
1857,7961900,5
1858,6169886,5
1859,5987327,5
1860,7490036,5
1861,6333921,5
1862,6888878,5
1863,7242917,5
1864,7627307,5
1865,6427075,5
1866,5916699,5
1867,8007110,5
1868,5818852,5
1869,6842484,5
1870,7239886,5
1871,7453831,5
1872,7024162,5
1873,7352867,5
1874,6542753,5
1875,7436816,5
1876,7499950,5
1877,6452979,5
1878,6574610,5
1879,8116726,5
1880,6798789,5
1881,5930304,5
1882,6931661,5
1883,7555696,5
1884,6570362,5
1885,7102562,5
1886,7460842,5
1887,6993336,5
1888,6798869,5
1889,8151306,5
1890,7106874,5
1891,7231663,5
1892,7239896,5
1893,7286366,5
1894,5716421,5
1895,6122335,5
1896,7496348,5
1897,6603389,5
1898,5974032,5
1899,5987012,5
1900,6031865,5
1901,7482937,5
1902,7805171,5
1903,6140807,5
1904,5648717,5
1905,6922492,5
1906,7031271,5
1907,7529263,5
1908,7983143,5
1909,7471942,5
1910,5987021,5
1911,7788394,5
1912,7280501,5
1913,6452541,5
1914,6228516,5
1915,6141454,5
1916,7873010,5
1917,6067364,5
1918,6160454,5
1919,7126954,5
1920,6697637,5
1921,5835785,5
1922,7787421,5
1923,6035491,5
1924,7212542,5
1925,5930756,5
1926,6072250,5
1927,7505439,5
1928,6785339,5
1929,7269504,5
1930,7330174,5
1931,8045519,5
1932,6119010,5
1933,6430228,5
1934,7907896,5
1935,8243678,5
1936,6285333,5
1937,5959966,5
1938,8019287,5
1939,6691071,5
1940,6094429,5
1941,7366532,5
1942,6085068,5
1943,6959089,5
1944,7231188,5
1945,6385548,5
1946,5913194,5
1947,8107956,5
1948,6754501,5
1949,5999815,5
1950,6088399,5
1951,8145251,5
1952,7184745,5
1953,7251275,5
1954,7013154,5
1955,6944427,5
1956,6223035,5
1957,6108324,5
1958,7239884,5
1959,7024195,5
1960,7197328,5
1961,5942938,5
1962,7580723,5
1963,5822431,5
1964,6937873,5
1965,6377713,5
1966,6049323,5
1967,7295199,5
1968,6359898,5
1969,7203254,5
1970,6922564,5
1971,5966656,5
1972,6078577,5
1973,5754953,5
1974,7450944,5
1975,7315523,5
1976,6590610,5
1977,6961956,5
1978,7174191,5
1979,6694060,5
1980,7076000,5
1981,6584825,5
1982,5920286,5
1983,6735430,5
1984,6914938,5
1985,7190301,5
1986,6100664,5
1987,7676362,5
1988,6661284,5
1989,6925438,5
1990,7689448,5
1991,6157632,5
1992,6904023,5
1993,8046219,5
1994,5872744,5
1995,6137883,5
1996,7738930,5
1997,5842210,5
1998,6218973,5
1999,8205143,5
2000,5777558,5
2001,7912009,5
2002,7751839,5
2003,7873114,5
2004,7765600,5
2005,7106711,4
2006,7873285,4
2007,7283697,4
2008,6061574,4
2009,6689194,4
2010,7152033,4
2011,7873279,4
2012,6388449,4
2013,5872698,4
2014,6690892,4
2015,7082311,4
2016,8537724,4
2017,6088217,4
2018,5818313,4
2019,6992658,4
2020,6163766,4
2021,6025753,4
2022,6823026,4
2023,7024353,4
2024,6347127,4
2025,7298326,4
2026,7801066,4
2027,7272128,4
2028,7786901,4
2029,7065521,4
2030,7345586,4
2031,7898481,4
2032,7539490,4
2033,7324801,4
2034,7489913,4
2035,7054601,4
2036,6442401,4
2037,7142537,4
2038,6425002,4
2039,5847920,4
2040,6847622,4
2041,6670897,4
2042,8437798,4
2043,6662010,4
2044,7747021,4
2045,6135582,4
2046,7142190,4
2047,5832147,4
2048,7834762,4
2049,6026296,4
2050,7016315,4
2051,6515222,4
2052,6788731,4
2053,6169732,4
2054,6519279,4
2055,5818887,4
2056,7505438,4
2057,6822973,4
2058,6714794,4
2059,7366481,4
2060,8229354,4
2061,5929806,4
2062,7899187,4
2063,7035867,4
2064,8351544,4
2065,7194254,4
2066,6131049,4
2067,6934397,4
2068,7228414,4
2069,7266133,4
2070,6141559,4
2071,7130740,4
2072,7768605,4
2073,6858660,4
2074,6559811,4
2075,7099684,4
2076,7467214,4
2077,5884772,4
2078,6295200,4
2079,6586124,4
2080,7152190,4
2081,7535967,4
2082,7817733,4
2083,5939939,4
2084,7602751,4
2085,7607075,4
2086,7633893,4
2087,5740533,4
2088,7874983,4
2089,6704556,4
2090,7133461,4
2091,6862002,4
2092,6985099,4
2093,8054894,4
2094,6246697,4
2095,8295766,4
2096,6169522,4
2097,7333561,4
2098,6341222,4
2099,6944289,4
2100,7519381,4
2101,6908500,4
2102,7570951,4
2103,7623493,4
2104,7116771,4
2105,5917942,4
2106,D693785,4
2107,7336618,4
2108,5801707,4
2109,5710990,4
2110,7451460,4
2111,5930472,4
2112,6978463,4
2113,6834088,4
2114,6791622,4
2115,7016475,4
2116,6917281,4
2117,7016407,4
2118,7558577,4
2119,7120437,4
2120,6282182,4
2121,6792281,4
2122,7187940,4
2123,6104909,4
2124,7003045,4
2125,6278354,4
2126,7477738,4
2127,5970391,4
2128,7464313,4
2129,5949020,4
2130,6650839,4
2131,7738530,4
2132,6967989,4
2133,5905961,4
2134,7843824,4
2135,7321768,4
2136,6185525,4
2137,7684565,4
2138,7304572,4
2139,6130883,4
2140,7025596,4
2141,6590303,4
2142,7516486,4
2143,8130847,4
2144,7821996,4
2145,8031059,4
2146,8204036,4
2147,8430256,4
2148,6110618,4
2149,6999922,4
2150,7479928,4
2151,6850040,4
2152,7003305,4
2153,6144646,4
2154,7764644,4
2155,6829502,4
2156,5670266,4
2157,6885852,4
2158,6816895,4
2159,7601032,4
2160,6065187,4
2161,6907019,4
2162,6160805,4
2163,6215999,4
2164,6108046,4
2165,6157313,4
2166,7564908,4
2167,7787622,4
2168,5747970,4
2169,7223007,4
2170,6104726,4
2171,6782251,4
2172,6914913,4
2173,7603120,4
2174,7187759,4
2175,7085256,4
2176,6769086,4
2177,7129824,4
2178,6763225,4
2179,7242784,4
2180,6735009,4
2181,7177803,4
2182,6560215,4
2183,6914570,4
2184,6567777,4
2185,7792544,4
2186,6754280,4
2187,7983426,4
2188,6178402,4
2189,6836514,4
2190,7877123,4
2191,6667708,4
2192,7773943,4
2193,6026126,4
2194,8194603,4
2195,6771960,4
2196,7680063,4
2197,6995889,4
2198,7065206,4
2199,8107885,4
2200,6148178,4
2201,5631101,4
2202,6828759,4
2203,6069530,4
2204,6545992,4
2205,8422439,4
2206,6781969,4
2207,7170883,4
2208,6915210,4
2209,7729273,4
2210,5754599,4
2211,7315885,4
2212,6104747,4
2213,5881093,4
2214,6198782,4
2215,6766147,4
2216,6525677,4
2217,7492753,4
2218,6289203,4
2219,6128351,4
2220,7853202,4
2221,7190947,4
2222,6104925,4
2223,7657614,4
2224,6987749,4
2225,6696195,4
2226,7680118,4
2227,7489928,4
2228,6182036,4
2229,6310898,4
2230,5925942,4
2231,5913167,4
2232,7480517,4
2233,6031877,4
2234,6724170,4
2235,6937669,4
2236,7076265,4
2237,7351065,4
2238,6901122,4
2239,5987032,4
2240,5838707,4
2241,7778307,4
2242,5759719,4
2243,6944245,4
2244,7890834,4
2245,5920647,4
2246,7102577,4
2247,8255989,4
2248,6125110,4
2249,5956640,4
2250,5960327,4
2251,8145127,4
2252,7590886,4
2253,7193620,4
2254,8037011,4
2255,5974042,4
2256,7262811,4
2257,7281066,4
2258,6791968,4
2259,7730385,4
2260,6639973,4
2261,8320360,4
2262,6175561,4
2263,7260770,4
2264,5699179,4
2265,6996547,4
2266,6924619,4
2267,7907946,4
2268,7333797,4
2269,6115072,4
2270,7174356,4
2271,6097973,4
2272,6114969,4
2273,5998978,4
2274,5822699,4
2275,5797103,4
2276,5801684,4
2277,6141638,4
2278,7298762,4
2279,6104916,4
2280,7046988,4
2281,7653129,4
2282,8077694,4
2283,5744984,4
2284,6873093,4
2285,7319958,4
2286,6980821,4
2287,7917034,4
2288,7388923,4
2289,6894459,4
2290,7400885,3
2291,7552267,3
2292,7463687,3
2293,7809282,3
2294,6414938,3
2295,6583716,3
2296,6999921,3
2297,6198937,3
2298,7668141,3
2299,7809129,3
2300,6233557,3
2301,7600880,3
2302,5911124,3
2303,6198931,3
2304,8300757,3
2305,7853215,3
2306,7801065,3
2307,7672641,3
2308,7105737,3
2309,5864799,3
2310,8320878,3
2311,8051353,3
2312,7177652,3
2313,7181007,3
2314,7676676,3
2315,7135837,3
2316,7769402,3
2317,5940746,3
2318,6571112,3
2319,7064772,3
2320,6876868,3
2321,7991147,3
2322,6014552,3
2323,6594249,3
2324,7126929,3
2325,7460525,3
2326,7324616,3
2327,5949771,3
2328,7978088,3
2329,6256338,3
2330,7082303,3
2331,6160511,3
2332,6625613,3
2333,6084866,3
2334,6125262,3
2335,6560298,3
2336,6002948,3
2337,8554271,3
2338,7031273,3
2339,7664091,3
2340,5781547,3
2341,7599317,3
2342,6661853,3
2343,8135418,3
2344,6348897,3
2345,7590128,3
2346,6503378,3
2347,7068013,3
2348,8259846,3
2349,7401199,3
2350,7451476,3
2351,7388579,3
2352,6980818,3
2353,6760390,3
2354,7408961,3
2355,7220021,3
2356,6487181,3
2357,6043786,3
2358,7301923,3
2359,8537911,3
2360,6869708,3
2361,7310374,3
2362,7085575,3
2363,6088240,3
2364,6996172,3
2365,6980809,3
2366,6000120,3
2367,6125137,3
2368,7957763,3
2369,7672594,3
2370,7539186,3
2371,7054386,3
2372,5959981,3
2373,6640208,3
2374,6185305,3
2375,7705565,3
2376,7817718,3
2377,6385179,3
2378,5991285,3
2379,7406212,3
2380,5767738,3
2381,7054617,3
2382,7031373,3
2383,7058018,3
2384,5883612,3
2385,7706301,3
2386,6255903,3
2387,5821007,3
2388,7580518,3
2389,7502368,3
2390,5837015,3
2391,6151231,3
2392,7092721,3
2393,7673063,3
2394,5809397,3
2395,7683918,3
2396,5696794,3
2397,7746928,3
2398,7688835,3
2399,6101225,3
2400,8340081,3
2401,6164531,3
2402,6188767,3
2403,5805977,3
2404,6972382,3
2405,7209172,3
2406,7983428,3
2407,6765882,3
2408,6600662,3
2409,7571479,3
2410,7369524,3
2411,6393076,3
2412,8009612,3
2413,7006446,3
2414,5905803,3
2415,7542956,3
2416,7061425,3
2417,7646762,3
2418,6043712,3
2419,5999138,3
2420,6853445,3
2421,7548747,3
2422,8208434,3
2423,8304733,3
2424,6081510,3
2425,6842571,3
2426,6639249,3
2427,7606303,3
2428,6356054,3
2429,6633672,3
2430,7821975,3
2431,7492253,3
2432,7920795,3
2433,7076033,3
2434,6304765,3
2435,6094566,3
2436,7168023,3
2437,7911513,3
2438,6144704,3
2439,5986878,3
2440,7103319,3
2441,6192037,3
2442,5940447,3
2443,7366525,3
2444,7146015,3
2445,6824916,3
2446,6117585,3
2447,8265717,3
2448,7653813,3
2449,7031759,3
2450,7315567,3
2451,7499689,3
2452,7616131,3
2453,6868132,3
2454,5573869,3
2455,7684799,3
2456,7792670,3
2457,6137837,3
2458,6943777,3
2459,5867054,3
2460,7653130,3
2461,6822969,3
2462,6933893,3
2463,7424294,3
2464,8170604,3
2465,7634074,3
2466,5943505,3
2467,6778518,3
2468,7050764,3
2469,7962102,3
2470,7450561,3
2471,7742788,3
2472,7117288,3
2473,7202905,3
2474,6980561,3
2475,6826241,3
2476,5904740,3
2477,7404082,3
2478,6397046,3
2479,6453155,3
2480,6374091,3
2481,7570621,3
2482,7116940,3
2483,8374146,3
2484,6898420,3
2485,8312142,3
2486,7231223,3
2487,6963696,3
2488,7546133,3
2489,6389285,3
2490,5977916,3
2491,6797427,3
2492,8380213,3
2493,5854549,3
2494,6865625,3
2495,7610197,3
2496,7305555,3
2497,6865176,3
2498,6369753,3
2499,6873294,3
2500,6623945,3
2501,7290122,3
2502,7609639,3
2503,6291756,3
2504,7058408,3
2505,7295519,3
2506,8379601,3
2507,7477690,3
2508,7277392,3
2509,5778030,3
2510,6181685,3
2511,6760589,3
2512,6286032,3
2513,7705792,3
2514,5715282,3
2515,7734549,3
2516,5996178,3
2517,5796822,3
2518,5862493,3
2519,6512923,3
2520,6868123,3
2521,6671518,3
2522,6816472,3
2523,7240143,3
2524,6836663,3
2525,5745566,3
2526,6936361,3
2527,6091962,3
2528,7321570,3
2529,5812590,3
2530,6199086,3
2531,6487259,3
2532,8320267,3
2533,7614069,3
2534,5752163,3
2535,D497713,3
2536,6138032,3
2537,7584099,3
2538,6046268,3
2539,8199731,3
2540,7397402,3
2541,5752166,3
2542,6961572,3
2543,5717461,3
2544,7242972,3
2545,7504936,3
2546,7424229,3
2547,7961828,3
2548,7111089,3
2549,7453829,3
2550,7062243,3
2551,8185049,3
2552,7468702,3
2553,7857460,3
2554,7706336,3
2555,7600039,3
2556,7359353,3
2557,5911137,3
2558,6324206,3
2559,6859464,3
2560,8059625,3
2561,6948186,3
2562,7616595,3
2563,7359738,3
2564,7298697,3
2565,6836547,3
2566,7577467,3
2567,7965990,3
2568,6081438,3
2569,D705747,3
2570,6597915,3
2571,6969974,3
2572,7486044,3
2573,8295874,3
2574,5818618,3
2575,7046719,3
2576,7826409,3
2577,6252515,3
2578,7925956,3
2579,5797101,3
2580,7289728,3
2581,6973538,3
2582,8030914,3
2583,6971101,3
2584,8068465,3
2585,7167528,3
2586,6931059,3
2587,5786791,3
2588,7298321,3
2589,8074150,3
2590,7027840,3
2591,6047084,3
2592,5857049,3
2593,7088298,3
2594,6453470,3
2595,6900544,3
2596,7044614,3
2597,5864807,3
2598,8300658,3
2599,8116242,3
2600,7404682,3
2601,7778652,3
2602,5761193,3
2603,7181257,3
2604,7463979,3
2605,7529211,3
2606,8009757,3
2607,6429771,3
2608,6970439,3
2609,6107880,3
2610,7376837,3
2611,6748232,3
2612,6104927,3
2613,7111362,3
2614,6889052,3
2615,7450975,3
2616,8284732,3
2617,7023320,3
2618,7132192,3
2619,7705838,3
2620,7251328,3
2621,7710522,3
2622,6122488,3
2623,7246203,3
2624,5884215,3
2625,7319883,3
2626,6202088,3
2627,7269402,3
2628,7652699,3
2629,7053883,3
2630,7778653,3
2631,7302098,3
2632,6160799,3
2633,6981184,3
2634,7250904,3
2635,7839814,3
2636,5841864,3
2637,7242941,3
2638,8023959,3
2639,7515568,3
2640,7336619,2
2641,6957092,2
2642,7414990,2
2643,5688293,2
2644,6476776,2
2645,6314301,2
2646,6424673,2
2647,7685070,2
2648,6859456,2
2649,7949926,2
2650,7912113,2
2651,6573945,2
2652,5809459,2
2653,8235293,2
2654,6061573,2
2655,6978124,2
2656,6804253,2
2657,5956226,2
2658,6292475,2
2659,7269642,2
2660,7474624,2
2661,7567664,2
2662,5824436,2
2663,7590996,2
2664,7388544,2
2665,6054843,2
2666,7516471,2
2667,6118995,2
2668,8275412,2
2669,5878035,2
2670,8310351,2
2671,6493406,2
2672,7725202,2
2673,7273993,2
2674,7634258,2
2675,7340396,2
2676,7683965,2
2677,7265726,2
2678,6914906,2
2679,7616967,2
2680,5764104,2
2681,5930276,2
2682,5831960,2
2683,7027527,2
2684,7154939,2
2685,5801639,2
2686,7227487,2
2687,7187767,2
2688,8190213,2
2689,6606083,2
2690,8665811,2
2691,6654025,2
2692,7024183,2
2693,7130613,2
2694,6351628,2
2695,6973324,2
2696,6963911,2
2697,7853296,2
2698,7382182,2
2699,7254184,2
2700,6731690,2
2701,6728304,2
2702,7453860,2
2703,7496366,2
2704,6470365,2
2705,8267598,2
2706,7747017,2
2707,6871074,2
2708,7190311,2
2709,7925278,2
2710,6917611,2
2711,6570969,2
2712,8040969,2
2713,7643564,2
2714,7292879,2
2715,6167028,2
2716,6208526,2
2717,5903133,2
2718,7155255,2
2719,6311066,2
2720,7646315,2
2721,6064266,2
2722,8270359,2
2723,D559842,2
2724,5920550,2
2725,7548859,2
2726,6543012,2
2727,7016669,2
2728,7844229,2
2729,6445588,2
2730,7363044,2
2731,8265080,2
2732,7098855,2
2733,7848221,2
2734,7023814,2
2735,7698701,2
2736,7142660,2
2737,7305251,2
2738,7653352,2
2739,7403496,2
2740,7499733,2
2741,7885626,2
2742,6510142,2
2743,7010657,2
2744,6917809,2
2745,7337110,2
2746,7493088,2
2747,8209190,2
2748,6587501,2
2749,8587542,2
2750,5930307,2
2751,7221672,2
2752,5691622,2
2753,7769370,2
2754,5929776,2
2755,5781530,2
2756,7345638,2
2757,7176956,2
2758,7876837,2
2759,6163585,2
2760,5974121,2
2761,7554987,2
2762,6466614,2
2763,7202635,2
2764,7671628,2
2765,7283138,2
2766,6116960,2
2767,8072479,2
2768,7626920,2
2769,7792165,2
2770,6926451,2
2771,6144276,2
2772,5793795,2
2773,7471257,2
2774,8542186,2
2775,6320354,2
2776,5896261,2
2777,7818401,2
2778,7542422,2
2779,7483543,2
2780,7450717,2
2781,7612726,2
2782,7697752,2
2783,7486939,2
2784,6819290,2
2785,6259791,2
2786,7932859,2
2787,7230997,2
2788,7272409,2
2789,7831267,2
2790,6829492,2
2791,6788941,2
2792,8090342,2
2793,8300560,2
2794,7979767,2
2795,8131286,2
2796,7523862,2
2797,7620385,2
2798,7877600,2
2799,6778831,2
2800,6307304,2
2801,8044989,2
2802,6298084,2
2803,7173606,2
2804,6278879,2
2805,6895246,2
2806,8160651,2
2807,6636751,2
2808,7637425,2
2809,7013166,2
2810,6151362,2
2811,8144712,2
2812,8098644,2
2813,6839577,2
2814,7145862,2
2815,6935901,2
2816,7512278,2
2817,7533018,2
2818,6993364,2
2819,7853009,2
2820,6900700,2
2821,6298223,2
2822,6275800,2
2823,7421088,2
2824,5626729,2
2825,6094628,2
2826,6101421,2
2827,8160591,2
2828,6498805,2
2829,6594414,2
2830,6832323,2
2831,D707199,2
2832,7349962,2
2833,7710481,2
2834,7923938,2
2835,6996403,2
2836,7454519,2
2837,6008739,2
2838,5923214,2
2839,6064652,2
2840,7239705,2
2841,7450722,2
2842,7570927,2
2843,8249017,2
2844,6789124,2
2845,7211721,2
2846,6640222,2
2847,7231213,2
2848,7620403,2
2849,5934450,2
2850,8213394,2
2851,6807527,2
2852,7330155,2
2853,7212843,2
2854,6424713,2
2855,8126030,2
2856,5790596,2
2857,6493559,2
2858,6781722,2
2859,8155683,2
2860,7443914,2
2861,6728525,2
2862,7773513,2
2863,7757148,2
2864,6167078,2
2865,8724742,2
2866,7532609,2
2867,7050411,2
2868,7243288,2
2869,5692046,2
2870,7133474,2
2871,7860002,2
2872,6999773,2
2873,7096401,2
2874,6813480,2
2875,6567912,2
2876,5880637,2
2877,7499719,2
2878,6912380,2
2879,7944484,2
2880,7912508,2
2881,7184794,2
2882,8364120,2
2883,5783968,2
2884,5783969,2
2885,6134521,2
2886,6444904,2
2887,7570916,2
2888,7383983,2
2889,7821955,2
2890,6934254,2
2891,6975621,2
2892,7706414,2
2893,8189778,2
2894,6954432,2
2895,6587398,2
2896,6249678,2
2897,7185091,2
2898,7965675,2
2899,5875387,2
2900,6764788,2
2901,7269561,2
2902,7755615,2
2903,6463110,2
2904,7626355,2
2905,8014806,2
2906,5822690,2
2907,8140102,2
2908,7068708,2
2909,7035658,2
2910,6141543,2
2911,6988064,2
2912,7061966,2
2913,6625420,2
2914,7208247,2
2915,7689250,2
2916,6839427,2
2917,7475330,2
2918,7073192,2
2919,6426158,2
2920,5689272,2
2921,7269146,2
2922,6192040,2
2923,8259026,2
2924,5873044,2
2925,7233280,2
2926,7395204,2
2927,5937823,2
2928,6470049,2
2929,7336621,2
2930,7400597,2
2931,6205125,2
2932,7969702,2
2933,7680745,2
2934,6052443,2
2935,7058419,2
2936,5856763,2
2937,7068972,2
2938,8073243,2
2939,7054656,2
2940,7561879,2
2941,8068868,2
2942,5974325,2
2943,6463556,2
2944,6175628,2
2945,6373884,2
2946,7043198,2
2947,5894246,2
2948,8194762,2
2949,7257421,2
2950,5778323,2
2951,6865401,2
2952,7362724,2
2953,7568223,2
2954,7471961,2
2955,7873893,2
2956,7724765,2
2957,6904285,2
2958,7536006,2
2959,6148206,2
2960,6999447,2
2961,8400998,2
2962,7167107,2
2963,6163698,2
2964,7817534,2
2965,6714781,2
2966,6016511,2
2967,6967942,2
2968,8073514,2
2969,7924158,2
2970,6944422,2
2971,5736933,2
2972,8059586,2
2973,7693284,2
2974,7689228,2
2975,6128478,2
2976,6961427,2
2977,6993296,2
2978,6278604,2
2979,7089012,2
2980,7126917,2
2981,7136641,2
2982,7177889,2
2983,5987332,2
2984,7747225,2
2985,7167459,2
2986,7643642,2
2987,7493548,2
2988,7236208,2
2989,6980838,2
2990,D705188,2
2991,D705186,2
2992,6307892,2
2993,6151501,2
2994,6292307,2
2995,6515971,2
2996,8284554,2
2997,7564820,2
2998,5742590,2
2999,7176970,2
3000,8532563,2
3001,6459891,2
3002,7965683,2
3003,8082000,2
3004,5990735,2
3005,7493087,2
3006,6167280,2
3007,6859119,2
3008,7908475,2
3009,7843970,2
3010,8285322,2
3011,6757548,2
3012,7477196,2
3013,6873826,2
3014,6931470,2
3015,7101617,2
3016,7509148,2
3017,6215780,2
3018,7656978,2
3019,6930997,2
3020,7653369,2
3021,7165204,2
3022,7496145,2
3023,7231084,2
3024,7720350,2
3025,6226283,2
3026,7747772,2
3027,7054807,2
3028,7642964,2
3029,6072790,2
3030,7558198,2
3031,7512138,2
3032,7688760,2
3033,7184730,2
3034,5905358,2
3035,6453040,2
3036,5737332,2
3037,7646264,2
3038,7310809,2
3039,5732358,2
3040,5821006,2
3041,6043721,2
3042,5741609,2
3043,7642958,2
3044,6175334,2
3045,6192353,2
3046,7110559,2
3047,7594318,2
3048,5760714,2
3049,7309982,2
3050,7705874,2
3051,6707826,2
3052,7573964,2
3053,7330733,2
3054,6768899,2
3055,7743119,2
3056,6178166,2
3057,7330731,2
3058,6798168,2
3059,7626365,2
3060,7098786,2
3061,6891991,2
3062,5604660,2
3063,7738639,2
3064,6822974,2
3065,7623597,2
3066,7539796,2
3067,7317901,2
3068,8175651,2
3069,5750284,2
3070,7169250,2
3071,8266684,2
3072,5953053,2
3073,6767256,2
3074,7027980,2
3075,5754141,2
3076,7924175,2
3077,6106969,2
3078,7689239,2
3079,7822644,2
3080,6965588,2
3081,7149515,2
3082,7289567,2
3083,6967700,2
3084,7634223,2
3085,7272364,2
3086,6876635,2
3087,7058039,2
3088,7640571,2
3089,8180365,2
3090,6963739,2
3091,7274954,2
3092,7899188,2
3093,6373437,2
3094,6553228,2
3095,5790045,2
3096,7148917,2
3097,6060966,2
3098,6747585,2
3099,7024232,2
3100,8493364,2
3101,7366489,2
3102,7295638,2
3103,8397982,2
3104,7447735,1
3105,7734316,1
3106,7405384,1
3107,6681208,1
3108,6169887,1
3109,8433249,1
3110,7734313,1
3111,6246336,1
3112,8565684,1
3113,8086195,1
3114,5729539,1
3115,7446678,1
3116,7872442,1
3117,6169889,1
3118,7196734,1
3119,6920219,1
3120,7821466,1
3121,6833709,1
3122,7446434,1
3123,7130339,1
3124,7676250,1
3125,7865160,1
3126,6084890,1
3127,7890090,1
3128,6313736,1
3129,7580540,1
3130,6480717,1
3131,6778512,1
3132,7764322,1
3133,6243056,1
3134,6252456,1
3135,7796550,1
3136,7751431,1
3137,8089510,1
3138,7433331,1
3139,6774737,1
3140,6208842,1
3141,8144687,1
3142,7047188,1
3143,7081019,1
3144,8047878,1
3145,7904094,1
3146,8310943,1
3147,8223707,1
3148,6396726,1
3149,8509738,1
3150,6442216,1
3151,8254837,1
3152,5930748,1
3153,7030795,1
3154,7796944,1
3155,8250001,1
3156,7834759,1
3157,7983451,1
3158,6408340,1
3159,7181397,1
3160,5777986,1
3161,6643276,1
3162,8190207,1
3163,7539171,1
3164,6147984,1
3165,7181222,1
3166,7463612,1
3167,7499540,1
3168,7680482,1
3169,8509776,1
3170,8280382,1
3171,8364951,1
3172,7570963,1
3173,8290156,1
3174,6078593,1
3175,8000304,1
3176,6741844,1
3177,7872961,1
3178,7885266,1
3179,6963680,1
3180,7724194,1
3181,7965680,1
3182,7792226,1
3183,8008561,1
3184,7570581,1
3185,7480427,1
3186,6054653,1
3187,6940861,1
3188,5928377,1
3189,8483109,1
3190,5936972,1
3191,6091716,1
3192,5908717,1
3193,5952886,1
3194,8193971,1
3195,5604415,1
3196,6765888,1
3197,8255151,1
3198,8249026,1
3199,7099290,1
3200,6092230,1
3201,6570861,1
3202,6272192,1
3203,6041227,1
3204,7088867,1
3205,7116951,1
3206,7221670,1
3207,5930715,1
3208,8457079,1
3209,6113653,1
3210,6148245,1
3211,7729128,1
3212,8254907,1
3213,8463599,1
3214,8081985,1
3215,7649839,1
3216,6801590,1
3217,7805763,1
3218,7899051,1
3219,5754586,1
3220,6148177,1
3221,7120439,1
3222,7969356,1
3223,6963730,1
3224,5831476,1
3225,5831475,1
3226,6978153,1
3227,7333897,1
3228,8369893,1
3229,6470003,1
3230,7162094,1
3231,7551613,1
3232,7418205,1
3233,7596565,1
3234,8018872,1
3235,7734466,1
3236,8175600,1
3237,6108322,1
3238,6732072,1
3239,8090396,1
3240,7269435,1
3241,7356687,1
3242,7894355,1
3243,7099354,1
3244,D602457,1
3245,8509102,1
3246,8179862,1
3247,7558590,1
3248,7424276,1
3249,7148878,1
3250,7463881,1
3251,5784419,1
3252,6996377,1
3253,5787455,1
3254,6917814,1
3255,8098680,1
3256,8774135,1
3257,7191127,1
3258,7532597,1
3259,7499257,1
3260,7447154,1
3261,8040475,1
3262,7246059,1
3263,8442004,1
3264,7706330,1
3265,5694434,1
3266,7237170,1
3267,7016401,1
3268,7072468,1
3269,6839391,1
3270,5810989,1
3271,7359721,1
3272,5793805,1
3273,7623774,1
3274,8332633,1
3275,7701839,1
3276,8179838,1
3277,7580725,1
3278,7224994,1
3279,6859494,1
3280,8244265,1
3281,6999751,1
3282,5822307,1
3283,8144204,1
3284,D704672,1
3285,6426980,1
3286,8553594,1
3287,7529081,1
3288,6252516,1
3289,6961022,1
3290,7945004,1
3291,7894511,1
3292,D703649,1
3293,5802484,1
3294,7136811,1
3295,8223426,1
3296,7649842,1
3297,6728218,1
3298,7965991,1
3299,5805095,1
3300,7447531,1
3301,5859567,1
3302,7177606,1
3303,8108796,1
3304,6570938,1
3305,7839931,1
3306,5767785,1
3307,7519855,1
3308,8125944,1
3309,7159168,1
3310,8055211,1
3311,7177844,1
3312,6041226,1
3313,5905447,1
3314,8611837,1
3315,6763162,1
3316,7227848,1
3317,5748537,1
3318,7508348,1
3319,8364020,1
3320,8442513,1
3321,6453070,1
3322,7477901,1
3323,8223737,1
3324,6639933,1
3325,5923007,1
3326,7733919,1
3327,6734555,1
3328,6999918,1
3329,7299051,1
3330,6035182,1
3331,5754484,1
3332,8194648,1
3333,8175888,1
3334,7577915,1
3335,7200417,1
3336,8509705,1
3337,8249142,1
3338,6965779,1
3339,7263340,1
3340,6438764,1
3341,6063521,1
3342,7349685,1
3343,7069013,1
3344,7184756,1
3345,6609141,1
3346,7224512,1
3347,7532587,1
3348,7869532,1
3349,6044159,1
3350,8508494,1
3351,5666084,1
3352,6160713,1
3353,8462517,1
3354,7010299,1
3355,6353617,1
3356,7586868,1
3357,7873111,1
3358,8229428,1
3359,8321511,1
3360,7042840,1
3361,6049532,1
3362,7634565,1
3363,7855878,1
3364,7456793,1
3365,7373138,1
3366,8489576,1
3367,7353036,1
3368,6942939,1
3369,6477368,1
3370,7416414,1
3371,7006842,1
3372,7692681,1
3373,7881463,1
3374,8244250,1
3375,7342939,1
3376,8583421,1
3377,7796083,1
3378,7197463,1
3379,7978101,1
3380,8274596,1
3381,6044276,1
3382,7787833,1
3383,7474747,1
3384,7856238,1
3385,8325147,1
3386,5650763,1
3387,7853280,1
3388,7899488,1
3389,6947406,1
3390,6009168,1
3391,8050627,1
3392,7356348,1
3393,7206454,1
3394,7945255,1
3395,7295544,1
3396,8004555,1
3397,7068701,1
3398,6738019,1
3399,8224390,1
3400,6298224,1
3401,7577449,1
3402,7449862,1
3403,8396424,1
3404,8589516,1
3405,7764237,1
3406,6617075,1
3407,6003057,1
3408,8519965,1
3409,7395037,1
3410,7729028,1
3411,7705787,1
3412,7590234,1
3413,7672915,1
3414,5846094,1
3415,7110730,1
3416,6141535,1
3417,7649873,1
3418,7830565,1
3419,7769087,1
3420,6671415,1
3421,7606574,1
3422,7369777,1
3423,5873035,1
3424,7508300,1
3425,7668097,1
3426,8176534,1
3427,8078175,1
3428,5684926,1
3429,6195393,1
3430,6204573,1
3431,7209750,1
3432,7787855,1
3433,7277394,1
3434,7024216,1
3435,6756142,1
3436,7911405,1
3437,6976861,1
3438,7672539,1
3439,8406328,1
3440,6542483,1
3441,5787577,1
3442,7116786,1
3443,7054282,1
3444,8541745,1
3445,8054774,1
3446,6078794,1
3447,8295879,1
3448,7945768,1
3449,6078793,1
3450,7158819,1
3451,7043552,1
3452,8285279,1
3453,7305649,1
3454,8316302,1
3455,8295504,1
3456,6220637,1
3457,7206578,1
3458,7292582,1
3459,6173189,1
3460,8204013,1
3461,7900045,1
3462,7721261,1
3463,5691981,1
3464,7910851,1
3465,7487199,1
3466,6996383,1
3467,8396024,1
3468,8050541,1
3469,8073014,1
3470,7769378,1
3471,8462729,1
3472,8042150,1
3473,5688614,1
3474,8155625,1
3475,6539344,1
3476,8443115,1
3477,7801571,1
3478,6944455,1
3479,6078227,1
3480,5943376,1
3481,6459894,1
3482,8193993,1
3483,7199947,1
3484,7096026,1
3485,6952457,1
3486,8374328,1
3487,8509788,1
3488,7499797,1
3489,7787357,1
3490,6301297,1
3491,7079609,1
3492,7723959,1
3493,7282283,1
3494,8667303,1
3495,7707406,1
3496,8483415,1
3497,8067922,1
3498,5670912,1
3499,7320045,1
3500,7853475,1
3501,8619542,1
3502,8019604,1
3503,7065191,1
3504,6138030,1
3505,6175733,1
3506,5978526,1
3507,8255501,1
3508,8315430,1
3509,8392528,1
3510,7933998,1
3511,8483707,1
3512,6980827,1
3513,7720601,1
3514,7653398,1
3515,6931477,1
3516,5825811,1
3517,8532611,1
3518,6927555,1
3519,5962168,1
3520,8140439,1
3521,8108782,1
3522,5946039,1
3523,8245942,1
3524,6064659,1
3525,6963574,1
3526,8077690,1
3527,5912586,1
3528,7773713,1
3529,8340676,1
3530,7773714,1
3531,5834135,1
3532,5867064,1
3533,7146189,1
3534,8483632,1
3535,6801571,1
3536,7607022,1
3537,6233461,1
3538,7623066,1
3539,7642528,1
3540,7590434,1
3541,7466962,1
3542,6118081,1
3543,8223685,1
3544,7205850,1
3545,6114634,1
3546,7471749,1
3547,6002922,1
3548,8050660,1
3549,6163712,1
3550,7130275,1
3551,6131089,1
3552,6396890,1
3553,7170987,1
3554,7526001,1
3555,5689526,1
3556,7907909,1
3557,7715333,1
3558,8514187,1
3559,7224948,1
3560,6298054,1
3561,5848718,1
3562,5807412,1
3563,7797008,1
3564,6972692,1
3565,7596224,1
3566,7343171,1
3567,7820313,1
3568,6111892,1
3569,7403066,1
3570,8280459,1
3571,7096025,1
3572,6118980,1
3573,8132920,1
3574,7521995,1
3575,8059897,1
3576,8005364,1
3577,7515910,1
3578,8200496,1
3579,7203109,1
3580,7881459,1
3581,6985857,1
3582,8601515,1
3583,7613758,1
3584,5999832,1
3585,6643508,1
3586,8294105,1
3587,7173989,1
3588,7831992,1
3589,7272246,1
3590,7881280,1
3591,8249607,1
3592,7295823,1
3593,6917913,1
3594,7269414,1
3595,7826419,1
3596,8044828,1
3597,6853368,1
3598,7660431,1
3599,7002069,1
3600,7145558,1
3601,7415410,1
3602,7976168,1
3603,8447344,1
3604,7647599,1
3605,7245933,1
3606,8050238,1
3607,5886645,1
3608,8199845,1
3609,7709732,1
3610,8279811,1
3611,7843873,1
3612,6611197,1
3613,6937585,1
3614,6002342,1
3615,7720449,1
3616,8280425,1
3617,6035181,1
3618,7268799,1
3619,6577354,1
3620,6141331,1
3621,8010108,1
3622,7132357,1
3623,7545769,1
3624,7774015,1
3625,6856644,1
3626,7409218,1
3627,7489755,1
3628,6885242,1
3629,6480821,1
3630,6480827,1
3631,8160540,1
3632,7742760,1
3633,7079838,1
3634,7706645,1
3635,5892410,1
3636,6156408,1
3637,8743284,1
3638,7058609,1
3639,7817574,1
3640,7102617,1
3641,7236134,1
3642,7383175,1
3643,6049145,1
3644,5909249,1
3645,8050324,1
3646,5950162,1
3647,8005127,1
3648,7103809,1
3649,7024196,1
3650,8344325,1
3651,8160019,1
3652,6894750,1
3653,7620436,1
3654,7764793,1
3655,7328436,1
3656,6614806,1
3657,8269175,1
3658,7590186,1
3659,8503322,1
3660,6795112,1
3661,7161227,1
3662,8139195,1
3663,8189581,1
3664,6926989,1
3665,7924456,1
3666,8484530,1
3667,7469149,1
3668,7626972,1
3669,6978139,1
3670,7650445,1
3671,6642458,1
3672,7551738,1
3673,6553041,1
3674,8219095,1
3675,7132745,1
3676,7602848,1
3677,6177881,1
3678,6154537,1
3679,8289863,1
3680,8412857,1
3681,7609836,1
3682,7006491,1
3683,8374635,1
3684,7264896,1
3685,6937274,1
3686,5940741,1
3687,6768910,1
3688,5843393,1
3689,7181224,1
3690,7688755,1
3691,7596116,1
3692,7946775,1
3693,6617824,1
3694,7200119,1
3695,6975606,1
3696,7460509,1
3697,5940430,1
3698,7839927,1
3699,8131214,1
3700,7336224,1
3701,7502981,1
3702,7782147,1
3703,7487271,1
3704,6845359,1
3705,7051938,1
3706,7941181,1
3707,6081202,1
3708,8223854,1
3709,7804912,1
3710,7499688,1
3711,8098620,1
3712,7239620,1
3713,8604980,1
3714,6071649,1
3715,8712446,1
3716,6594247,1
3717,8438595,1
3718,8300845,1
3719,D636782,1
3720,6006067,1
3721,6198406,1
3722,7647042,1
3723,7108931,1
3724,6873614,1
3725,8594207,1
3726,7088770,1
3727,7603092,1
3728,5671255,1
3729,7747004,1
3730,5703571,1
3731,7496363,1
3732,7413110,1
3733,7489703,1
3734,6272243,1
3735,7729106,1
3736,7502909,1
3737,7177657,1
3738,7262812,1
3739,7944981,1
3740,7450490,1
3741,6851930,1
3742,5974079,1
3743,6813351,1
3744,8559458,1
3745,7529440,1
3746,6917977,1
3747,5844448,1
3748,6944177,1
3749,7327704,1
3750,5929773,1
3751,7266171,1
3752,7467352,1
3753,6791958,1
3754,6777727,1
3755,7212844,1
3756,7171204,1
3757,6045946,1
3758,8015005,1
3759,7271772,1
3760,7996019,1
3761,8279822,1
3762,8483086,1
3763,6982752,1
3764,8374260,1
3765,7567239,1
3766,6882855,1
3767,5874856,1
3768,7936894,1
3769,8619029,1
3770,6324407,1
3771,6515577,1
3772,8364964,1
3773,6229794,1
3774,7385913,1
3775,6137867,1
3776,7020198,1
3777,8520617,1
3778,8095170,1
3779,8521187,1
3780,8280409,1
3781,6011959,1
3782,7916811,1
3783,7962181,1
3784,8140081,1
3785,7508434,1
3786,7310376,1
3787,7609676,1
3788,6535127,1
3789,6322918,1
3790,7188167,1
3791,7642136,1
3792,8000268,1
3793,6101370,1
3794,5940757,1
3795,6553017,1
3796,7149523,1
3797,7417968,1
3798,7664259,1
3799,7283806,1
3800,7414983,1
3801,7636746,1
3802,7546149,1
3803,8582538,1
3804,7836095,1
3805,6931264,1
3806,8284761,1
3807,7583973,1
3808,7600925,1
3809,6813736,1
3810,6564068,1
3811,5831976,1
3812,5991912,1
3813,7414984,1
3814,8520572,1
3815,6040720,1
3816,8537658,1
3817,8018385,1
3818,6310992,1
3819,8683453,1
3820,7023421,1
3821,6021216,1
3822,6925309,1
3823,8054808,1
3824,5936516,1
3825,7558586,1
3826,6335768,1
3827,5821820,1
3828,6989235,1
3829,8553808,1
3830,6925095,1
3831,8111746,1
3832,8194604,1
3833,7769365,1
3834,8219408,1
3835,6169906,1
3836,7418011,1
3837,6622025,1
3838,8537790,1
3839,6801754,1
3840,7142667,1
3841,8223961,1
3842,7299173,1
3843,6968158,1
3844,6784786,1
3845,7312729,1
3846,8583107,1
3847,8054391,1
3848,D616898,1
3849,7482574,1
3850,7076234,1
3851,7562290,1
3852,5878352,1
3853,7242956,1
3854,7723613,1
3855,7853220,1
3856,8731081,1
3857,8261183,1
3858,6275193,1
3859,8144719,1
3860,8509146,1
3861,6996197,1
3862,7724806,1
3863,8112781,1
3864,7555044,1
3865,6091229,1
3866,5787128,1
3867,8213406,1
3868,8311593,1
3869,8433582,1
3870,8497884,1
3871,8160618,1
3872,6824919,1
3873,6402010,1
3874,7394774,1
3875,7826467,1
3876,7681009,1
3877,6985573,1
3878,7689247,1
