,PatentID
0,8395587
1,6408436
2,7046910
3,5903133
4,7190956
5,6778512
6,5794185
7,6592696
8,8078203
9,8229428
10,7555696
11,5946653
12,7675970
13,8639194
14,8504082
15,8156560
16,7373181
17,7414990
18,8996018
19,5862451
20,7121851
21,5812527
22,6390355
23,7742753
24,7263365
25,8279822
26,6175334
27,6466804
28,7729357
29,7876837
30,5910951
31,5946346
32,6049704
33,8878996
34,6970926
35,6836676
36,6983160
37,6999921
38,6084782
39,8509102
40,8948061
41,5781226
42,6898420
43,7231663
44,7787562
45,7007203
46,6229794
47,9008728
48,7826409
49,5886736
50,6947180
51,7330155
52,6563427
53,8140102
54,8166518
55,8391895
56,6081733
57,8953943
58,8964690
59,7921553
60,6925128
61,6784786
62,8140439
63,6567663
64,7072309
65,6063521
66,8238960
67,6917675
68,7058609
69,7480427
70,5848357
71,6226317
72,6798789
73,6958990
74,8077154
75,7426194
76,6498667
77,6421602
78,6366302
79,6081719
80,8761278
81,6510142
82,7941181
83,5940746
84,7848221
85,7211721
86,6009552
87,6765888
88,6842621
89,6157313
90,8037011
91,7239867
92,5926501
93,7983426
94,7590128
95,8687806
96,6943777
97,6363249
98,7821975
99,7453406
100,6438109
101,7925278
102,8788676
103,8462727
104,7266101
105,7418040
106,7668915
107,7003275
108,7333795
109,7729366
110,5946356
111,7136644
112,6427075
113,6857132
114,6226283
115,5909249
116,7584099
117,7257421
118,9224359
119,6442401
120,8761846
121,6141540
122,6169906
123,7415410
124,6567745
125,6597915
126,5922047
127,6978147
128,7764793
129,7533018
130,6108322
131,8207875
132,5783969
133,6035491
134,6926990
135,8775966
136,6965763
137,7769370
138,8310351
139,6219540
140,5812956
141,8478190
142,6948183
143,5956641
144,D733103
145,D666987
146,7667371
147,7139328
148,6345307
149,8774135
150,7697447
151,5905358
152,7676250
153,7129824
154,8990338
155,5930276
156,9154282
157,8463314
158,5857049
159,8320952
160,7149516
161,8140342
162,9049470
163,7103782
164,8452296
165,9043148
166,6896548
167,8037541
168,8565350
169,8954501
170,8599871
171,6269336
172,5970391
173,5666657
174,7853475
175,5991800
176,7224512
177,6769091
178,5726983
179,6999467
180,7626972
181,7295544
182,6131089
183,6978139
184,D737815
185,7899188
186,7873893
187,8819759
188,6353617
189,5892910
190,6678258
191,5857173
192,7394770
193,7885394
194,8193971
195,6873826
196,6304763
197,6985099
198,8874634
199,8160561
200,8873570
201,5786727
202,7082303
203,5644743
204,9069549
205,5949774
206,7424294
207,7346356
208,5832026
209,6972542
210,7424276
211,6078571
212,7689247
213,5694120
214,5883612
215,7551738
216,7853009
217,6914906
218,6349216
219,5982351
220,6212414
221,6965754
222,8224310
223,8392702
224,6819290
225,7564820
226,7123714
227,7185284
228,6429771
229,8873660
230,6178402
231,8537790
232,6969974
233,8374268
234,8537911
235,5950162
236,5923007
237,8265080
238,8483751
239,7136680
240,7035867
241,5920612
242,6931264
243,7721945
244,5787130
245,8817951
246,9035883
247,6778518
248,8380213
249,5864299
250,8509777
251,7701932
252,8798202
253,8457368
254,5884215
255,6493198
256,8255698
257,5908717
258,7286366
259,6134452
260,8494145
261,8755811
262,7206454
263,6484945
264,6498805
265,6157545
266,8013800
267,6298223
268,6470003
269,5886645
270,8412662
271,6936361
272,6904094
273,7764644
274,RE43831
275,7519042
276,6319631
277,7130511
278,6525677
279,6198735
280,7079838
281,6789205
282,8544061
283,8310983
284,5805977
285,8447344
286,8126448
287,6105006
288,8886945
289,7620398
290,6829475
291,7408961
292,6996227
293,6175588
294,6018671
295,6859611
296,5805095
297,6560298
298,6987738
299,7751431
300,6865347
301,6859490
302,6697637
303,8750419
304,8761392
305,8973084
306,5732387
307,6662010
308,8314838
309,7801494
310,9063564
311,6963061
312,6148211
313,7945004
314,6756142
315,8423355
316,6105095
317,8725833
318,7689250
319,5956490
320,6757337
321,5940430
322,7373013
323,6999782
324,5969508
325,7809412
326,6373829
327,6658268
328,6944455
329,6094628
330,6756938
331,6671852
332,5809538
333,7965990
334,7929860
335,9054891
336,6822611
337,5958006
338,7269402
339,7747558
340,8068175
341,9060046
342,6353382
343,6586885
344,8442021
345,6617075
346,6503378
347,6141638
348,8463414
349,7138979
350,7020444
351,5831475
352,7602848
353,6191738
354,6999918
355,6564047
356,8897033
357,6989205
358,7013143
359,8451104
360,5987021
361,6532593
362,5691981
363,6408340
364,8018893
365,7688755
366,7039432
367,5831636
368,7145862
369,6278723
370,6167280
371,5694431
372,7769353
373,7170883
374,7330731
375,6138042
376,6281712
377,6043786
378,6233235
379,8391188
380,7778653
381,7174356
382,8656422
383,6219840
384,6484033
385,6937669
386,7209717
387,7496363
388,7697497
389,5930681
390,7944484
391,7319883
392,6882709
393,7578955
394,6199086
395,7822438
396,7729696
397,6768910
398,9003460
399,6970817
400,6791945
401,7822544
402,8204013
403,6333682
404,9213102
405,7031344
406,6123474
407,6307846
408,8374197
409,5656917
410,6876543
411,8340081
412,6832086
413,8344325
414,7403496
415,7805137
416,8923831
417,7885266
418,8064653
419,7672246
420,7889103
421,8237750
422,7489703
423,5991447
424,7283697
425,6822950
426,9025682
427,7042879
428,6968158
429,7251275
430,7108914
431,6449264
432,5764690
433,6587501
434,6044158
435,8144204
436,7047310
437,6223035
438,6917281
439,7567239
440,5834756
441,6791995
442,7020198
443,5661635
444,5966671
445,7844305
446,7680482
447,6321073
448,7095403
449,8503324
450,6453291
451,6901122
452,7366481
453,5974066
454,6845359
455,5781547
456,7461106
457,7236134
458,7126996
459,6148183
460,6907043
461,6108046
462,8542202
463,8139353
464,7821466
465,7602714
466,7262811
467,6658272
468,8774828
469,6421607
470,9036706
471,6853368
472,8401507
473,6795768
474,8886258
475,7681009
476,D706804
477,6104709
478,8867454
479,8340676
480,5966656
481,8223217
482,8554271
483,5824436
484,6009325
485,6721562
486,7321567
487,7873114
488,9019106
489,5960327
490,7171603
491,8885341
492,6993335
493,7508352
494,7769402
495,9173241
496,7310375
497,6995889
498,8862776
499,6052559
500,5999115
501,8253654
502,7398096
503,5987032
504,7095439
505,8750411
506,6038535
507,9144100
508,5937937
509,5995840
510,7783315
511,6725043
512,6011909
513,7282891
514,7929010
515,8966519
516,6128287
517,9065518
518,6600369
519,7697480
520,6040683
521,6609004
522,5809059
523,7231223
524,6016422
525,7539171
526,D600667
527,7242923
528,7864882
529,8855596
530,7239896
531,7065209
532,7787622
533,5930288
534,6735430
535,8019604
536,7586990
537,5834972
538,8943015
539,8284761
540,8194696
541,8040475
542,8818334
543,7395065
544,8325147
545,7640373
546,9049202
547,5978526
548,5822314
549,9140794
550,8144687
551,5754953
552,8451833
553,7187767
554,6813778
555,5945772
556,8904424
557,8509319
558,7266198
559,8725500
560,8045501
561,7676583
562,7480345
563,6085252
564,7102562
565,6404764
566,7027979
567,5893036
568,9092612
569,6961427
570,6049707
571,7821996
572,6170005
573,6934299
574,5818887
575,6819173
576,8988387
577,7853280
578,8397982
579,7492752
580,6141564
581,6927747
582,6463275
583,7558587
584,7463979
585,6631127
586,7548548
587,6304558
588,6151362
589,6031467
590,7482985
591,6198782
592,8976957
593,6323849
594,6865384
595,7331793
596,5936464
597,8019340
598,6532156
599,7823155
600,9065656
601,5884772
602,7085576
603,7653383
604,7548859
605,6453040
606,7019491
607,7884869
608,6363246
609,7890090
610,7027824
611,9152212
612,7688760
613,7426175
614,8810519
615,8111757
616,7058408
617,6353742
618,6169886
619,6256494
620,8891617
621,5745566
622,5738583
623,7496366
624,7082311
625,5854785
626,6011699
627,6307901
628,7212843
629,6002342
630,6546102
631,7290122
632,6289377
633,5991285
634,6118081
635,6065187
636,8767632
637,7477690
638,8078553
639,5905956
640,7418011
641,9002368
642,8478231
643,7116940
644,6643503
645,8351536
646,8374328
647,7193620
648,6097973
649,8295248
650,6760589
651,8107878
652,5923266
653,9192084
654,7330733
655,8963885
656,5901357
657,6298082
658,7729715
659,6252434
660,6252456
661,8559458
662,6080501
663,6041045
664,6206293
665,6940820
666,5928330
667,6236960
668,6134527
669,6420960
670,6014552
671,7085256
672,7567664
673,7623774
674,8886811
675,7508348
676,7046719
677,6016107
678,7515910
679,6810323
680,6904550
681,6509659
682,8812057
683,6157906
684,7154939
685,6453045
686,8159402
687,7202878
688,7672381
689,6907237
690,6649852
691,5857155
692,7751826
693,5878352
694,6927763
695,5623225
696,7698726
697,7516486
698,7634565
699,7369524
700,6133850
701,6935901
702,8611300
703,9155085
704,8126475
705,6393079
706,7145558
707,6836663
708,9210680
709,6216086
710,7946775
711,7453860
712,8933972
713,6018764
714,6298054
715,7263340
716,5745695
717,6980818
718,7043208
719,7027838
720,9241064
721,8949716
722,5693434
723,8365096
724,6161015
725,7230930
726,7289528
727,6040781
728,7108931
729,8893302
730,6828759
731,6653816
732,6763225
733,7016319
734,6317411
735,9153166
736,6670403
737,7080397
738,9047327
739,7062261
740,6091759
741,9241339
742,9030989
743,5875387
744,6900544
745,8543168
746,6138030
747,7460842
748,8174986
749,6710518
750,6201526
751,7096026
752,6173883
753,6374177
754,6321070
755,8095170
756,5923214
757,7684755
758,7243163
759,7583973
760,6972382
761,7009135
762,6430214
763,6334063
764,8102367
765,6114968
766,6112244
767,7502981
768,9225762
769,6915312
770,7493117
771,9053581
772,7656794
773,7668549
774,6487721
775,8542656
776,9110534
777,6043838
778,6049543
779,6182038
780,5884268
781,6529748
782,6529728
783,8224390
784,6192253
785,6766182
786,7573964
787,8108344
788,7688764
789,6925095
790,6038549
791,8503999
792,8090378
793,6012634
794,8995966
795,8438590
796,7746928
797,7606152
798,8369489
799,7413110
800,6976861
801,7539466
802,5710998
803,9170714
804,6108314
805,7657272
806,6078794
807,6002948
808,7076428
809,9048524
810,8750334
811,6640222
812,6934549
813,6775536
814,7242955
815,7023814
816,6691028
817,9094272
818,6952457
819,6526031
820,5959546
821,8787773
822,7170896
823,7983428
824,9122092
825,8576096
826,7068719
827,6967700
828,6859456
829,6125110
830,8223426
831,8638951
832,5697538
833,7415041
834,6879623
835,8763042
836,5862493
837,6611197
838,7640020
839,6275693
840,8208434
841,7362724
842,5930268
843,6729547
844,6754854
845,5930748
846,5745203
847,5963848
848,8320878
849,6385548
850,6081510
851,6219703
852,8000268
853,8150403
854,6339612
855,5764104
856,8150475
857,8255989
858,6167268
859,7283138
860,5809025
861,6728218
862,7606303
863,6292307
864,8194991
865,7705565
866,7417968
867,7492739
868,6553017
869,6069530
870,6134336
871,6313736
872,5771353
873,6047066
874,6377161
875,8522326
876,8958794
877,8854309
878,7729106
879,9130916
880,8874052
881,6285786
882,7831992
883,7393716
884,6009336
885,6116960
886,6425002
887,6972692
888,5831479
889,7496348
890,5884266
891,9143291
892,5845213
893,8209190
894,8254937
895,7860046
896,8463270
897,6850777
898,7899051
899,5777903
900,6169903
901,7477738
902,9002167
903,6084967
904,6445588
905,7729273
906,7482937
907,7715333
908,6738019
909,8521218
910,7081874
911,6184751
912,5541019
913,D693785
914,7580518
915,8272024
916,7024353
917,5864807
918,7395037
919,5834135
920,7623066
921,7873111
922,8170604
923,9025478
924,7480346
925,7894355
926,7242941
927,8832799
928,6356054
929,8925022
930,6243056
931,8294105
932,7171204
933,8200496
934,9131478
935,7250904
936,7668097
937,7600880
938,7103319
939,7190311
940,8391719
941,6134223
942,7043249
943,8837302
944,6694060
945,6765474
946,5999832
947,7433331
948,8285279
949,6771991
950,7197328
951,8902830
952,6434391
953,7203897
954,6721267
955,6269254
956,7068701
957,6091229
958,7447765
959,7609836
960,7169250
961,5920286
962,7176838
963,7200363
964,7237108
965,5809421
966,7227845
967,8312131
968,7471749
969,9143293
970,6223291
971,5691622
972,8160651
973,7024195
974,6957073
975,9131015
976,6807527
977,6101175
978,7024207
979,6661371
980,6624726
981,7933238
982,6606483
983,7596099
984,8325711
985,6928063
986,8073514
987,8395893
988,6455194
989,8229354
990,6005498
991,8760406
992,7424229
993,8050627
994,9083779
995,6764788
996,6549523
997,7131192
998,7061879
999,7486828
1000,7738260
1001,5801707
1002,6667769
1003,6774796
1004,5920576
1005,8880012
1006,8396424
1007,7277019
1008,7653813
1009,6958984
1010,6842484
1011,6819083
1012,6515577
1013,6259733
1014,8761109
1015,5807412
1016,6444352
1017,7460525
1018,6192353
1019,9064465
1020,7180875
1021,8560016
1022,7690006
1023,8953928
1024,7180756
1025,6944137
1026,8504574
1027,7646762
1028,8374635
1029,8031059
1030,6128478
1031,6920119
1032,7796639
1033,6134121
1034,6047033
1035,5940741
1036,5640166
1037,7912508
1038,7907909
1039,7787421
1040,7149521
1041,7035270
1042,6011784
1043,6104993
1044,8453194
1045,5831960
1046,6078809
1047,8401244
1048,8060162
1049,6947406
1050,7369777
1051,6072831
1052,6822974
1053,6425133
1054,7233896
1055,5943505
1056,7362803
1057,8131286
1058,6151501
1059,6160805
1060,8005127
1061,8763061
1062,8086195
1063,8320386
1064,8605615
1065,6205344
1066,5745481
1067,6973325
1068,7190263
1069,5771461
1070,8139367
1071,6961022
1072,5974100
1073,6212362
1074,6708023
1075,5990806
1076,8018872
1077,7310374
1078,7221670
1079,8064641
1080,5948562
1081,8315430
1082,7336621
1083,6246676
1084,5953413
1085,7489930
1086,7273993
1087,7159120
1088,8811579
1089,7271948
1090,6908500
1091,8976117
1092,9060245
1093,7672671
1094,6963739
1095,6275536
1096,5812542
1097,7199762
1098,6073092
1099,6047084
1100,8904292
1101,7908475
1102,8457618
1103,5573869
1104,8264406
1105,6327299
1106,6594247
1107,7710522
1108,8954512
1109,6804782
1110,6125262
1111,5867510
1112,7710481
1113,6763162
1114,6275800
1115,6459440
1116,7642964
1117,7075487
1118,9148787
1119,6175561
1120,6978022
1121,6930997
1122,8583107
1123,7912020
1124,8374153
1125,7787833
1126,8872970
1127,8611829
1128,6493875
1129,9141195
1130,6163765
1131,7683918
1132,6373437
1133,7230550
1134,7788394
1135,7532609
1136,8320326
1137,6104991
1138,7447531
1139,8995821
1140,7807307
1141,9100689
1142,7468573
1143,8364477
1144,8045519
1145,7237170
1146,6130518
1147,8947534
1148,8189778
1149,6967467
1150,6788731
1151,6587398
1152,6351656
1153,6937874
1154,6748324
1155,9041671
1156,8509788
1157,6782099
1158,7058407
1159,7500198
1160,6424623
1161,5758264
1162,6424743
1163,8509705
1164,7603120
1165,8184359
1166,5850611
1167,7050419
1168,8902010
1169,6625425
1170,5604415
1171,7826419
1172,6144276
1173,6018651
1174,8559294
1175,7684799
1176,6824916
1177,6734898
1178,5757367
1179,6128735
1180,6052600
1181,6497975
1182,7724765
1183,8250001
1184,8782258
1185,6486794
1186,8194604
1187,6164531
1188,6944177
1189,7466747
1190,8581874
1191,7002942
1192,8352508
1193,8160591
1194,7136909
1195,6920171
1196,7609639
1197,5631538
1198,7240143
1199,6125278
1200,7869532
1201,6035191
1202,6125286
1203,5877821
1204,7136482
1205,8897753
1206,8126836
1207,7398100
1208,9116567
1209,8327237
1210,8642205
1211,7519365
1212,9197925
1213,7409606
1214,6067324
1215,8457112
1216,8971310
1217,8950238
1218,5948066
1219,8761401
1220,7414984
1221,6970439
1222,8140081
1223,7634074
1224,6486874
1225,7023871
1226,7986983
1227,6002422
1228,6137883
1229,8379655
1230,6157679
1231,7804912
1232,6999773
1233,6178166
1234,6144704
1235,8638871
1236,5825811
1237,7416414
1238,7796715
1239,9038195
1240,8249142
1241,5909444
1242,8249646
1243,8506368
1244,7450106
1245,6732270
1246,8700070
1247,7848739
1248,9049454
1249,7451460
1250,8200235
1251,7974404
1252,8176534
1253,6421016
1254,5716421
1255,8712446
1256,8049715
1257,5929776
1258,7277394
1259,6323804
1260,D736664
1261,8462197
1262,8637781
1263,6820126
1264,8108013
1265,6625428
1266,8391165
1267,8204446
1268,6045946
1269,7130740
1270,7336224
1271,8396047
1272,6986957
1273,6704572
1274,7509649
1275,8640174
1276,8294691
1277,8310454
1278,5966384
1279,7415655
1280,7965680
1281,7106814
1282,7310377
1283,5877633
1284,6549789
1285,6389269
1286,7202825
1287,6185266
1288,6167275
1289,8270972
1290,7460624
1291,5631101
1292,6937873
1293,6608861
1294,6691071
1295,8462890
1296,7062246
1297,7526662
1298,8612961
1299,6414938
1300,7418339
1301,7634258
1302,7159168
1303,6347233
1304,6084968
1305,6044276
1306,7272409
1307,8179102
1308,9066326
1309,7637425
1310,6882677
1311,6342774
1312,6161207
1313,5760714
1314,6754280
1315,5896379
1316,9239928
1317,7231206
1318,8997252
1319,6327307
1320,8953853
1321,7451009
1322,5966651
1323,6781969
1324,8243692
1325,6389287
1326,8018385
1327,8438595
1328,7310376
1329,8055222
1330,6954432
1331,7158482
1332,6310898
1333,7096025
1334,7126917
1335,8712355
1336,6094565
1337,8467786
1338,8671291
1339,8537665
1340,6173189
1341,7672269
1342,8619889
1343,7853215
1344,7532597
1345,9215659
1346,8457074
1347,7831887
1348,5963087
1349,5893132
1350,7224674
1351,8457079
1352,7375730
1353,9125196
1354,8483109
1355,5974054
1356,7304572
1357,7624357
1358,5949948
1359,6934751
1360,7160144
1361,7769045
1362,8379622
1363,8665806
1364,6640208
1365,6144186
1366,6859494
1367,7904277
1368,9082766
1369,6441701
1370,8744519
1371,6163585
1372,5898831
1373,6088217
1374,6987888
1375,5728181
1376,6912507
1377,6212550
1378,8553637
1379,7071419
1380,6668173
1381,8497884
1382,9071440
1383,8132102
1384,6055229
1385,6104747
1386,8145127
1387,8761815
1388,7164725
1389,5810989
1390,8866641
1391,5778323
1392,8462126
1393,6954649
1394,8102812
1395,5926104
1396,8374260
1397,7825724
1398,9230555
1399,7088838
1400,6466614
1401,7209750
1402,7532088
1403,6996383
1404,6822973
1405,6157631
1406,5710972
1407,6141535
1408,9204347
1409,8666372
1410,7821955
1411,7292582
1412,6078227
1413,8484692
1414,7965991
1415,6832323
1416,6119010
1417,8078175
1418,7881459
1419,7653352
1420,7647599
1421,7649839
1422,6104726
1423,7818170
1424,6862433
1425,6653915
1426,7265720
1427,6720864
1428,6259741
1429,6689194
1430,6473631
1431,8953690
1432,6048638
1433,7499973
1434,6963730
1435,8837301
1436,8175154
1437,6449465
1438,8390126
1439,8813238
1440,7596116
1441,7272564
1442,6836520
1443,8995683
1444,8638300
1445,7184745
1446,7217369
1447,6847311
1448,6889212
1449,6801590
1450,6055333
1451,5959966
1452,7154942
1453,6640087
1454,8958472
1455,7653398
1456,7367055
1457,8396162
1458,6917977
1459,7468702
1460,7035731
1461,7023320
1462,7482574
1463,6556814
1464,6947760
1465,7224992
1466,7493088
1467,6141453
1468,8963845
1469,6289129
1470,7865723
1471,8604980
1472,8036237
1473,8868432
1474,8644280
1475,6156408
1476,8433076
1477,6732072
1478,7336618
1479,8964691
1480,8235293
1481,8374338
1482,6192256
1483,6931059
1484,6097252
1485,6614806
1486,7406333
1487,7082290
1488,6353359
1489,7626612
1490,8422411
1491,7680745
1492,9037656
1493,7555044
1494,7489942
1495,5812590
1496,6201955
1497,5831476
1498,7376837
1499,5815407
1500,6347127
1501,6112074
1502,7428416
1503,7477699
1504,5867230
1505,6181946
1506,7738930
1507,8290544
1508,7590234
1509,7221672
1510,9232465
1511,7602768
1512,9197284
1513,7643817
1514,7076661
1515,5604660
1516,6228440
1517,7269561
1518,6246327
1519,7933998
1520,6959050
1521,6961384
1522,6223154
1523,6493671
1524,5790545
1525,8542186
1526,6091716
1527,6792534
1528,7200417
1529,6947391
1530,7620017
1531,5777986
1532,7088294
1533,7183844
1534,9137540
1535,5929702
1536,6797427
1537,5736933
1538,8428513
1539,7733919
1540,6741873
1541,6922170
1542,8077694
1543,6384727
1544,6480821
1545,5750284
1546,6421379
1547,6505058
1548,6351531
1549,7405703
1550,7312729
1551,8139195
1552,6226403
1553,6498358
1554,7289728
1555,6883050
1556,6766147
1557,7467214
1558,6570938
1559,9042289
1560,6470049
1561,7493405
1562,6163701
1563,7280592
1564,5917306
1565,6188767
1566,6487184
1567,6208668
1568,7117019
1569,5767738
1570,6249678
1571,8321227
1572,7908396
1573,7672310
1574,8872916
1575,6996197
1576,8688665
1577,9113438
1578,8280425
1579,6980809
1580,D616898
1581,7701839
1582,6081815
1583,8904172
1584,6151397
1585,6888811
1586,6122335
1587,7206847
1588,8555361
1589,8483086
1590,8744051
1591,7471775
1592,5942938
1593,6631260
1594,7877600
1595,7723959
1596,5867478
1597,7421088
1598,6529804
1599,8126516
1600,6134237
1601,8050324
1602,5991618
1603,9215752
1604,7626920
1605,5930307
1606,7054282
1607,6058107
1608,5880633
1609,8170000
1610,7499950
1611,6700867
1612,6865625
1613,7070349
1614,7386128
1615,5998978
1616,7941132
1617,7729028
1618,8726324
1619,7522675
1620,7899488
1621,7165204
1622,5806031
1623,7612726
1624,5853916
1625,6768899
1626,6404807
1627,6553228
1628,7065068
1629,7006491
1630,6920219
1631,8039144
1632,6127802
1633,5825762
1634,8089510
1635,7912009
1636,6836514
1637,9071347
1638,8787479
1639,6996403
1640,6173330
1641,7340396
1642,5867060
1643,7363044
1644,8996016
1645,7978088
1646,6014376
1647,8044828
1648,6792281
1649,6373884
1650,7634251
1651,7433653
1652,8666318
1653,7886355
1654,5818618
1655,8699990
1656,9035967
1657,6122283
1658,8643748
1659,6535548
1660,6804518
1661,8355720
1662,5741609
1663,7843824
1664,9137151
1665,8462729
1666,6175740
1667,8601515
1668,7817733
1669,9203463
1670,7449862
1671,7246059
1672,6754908
1673,7546149
1674,6816895
1675,7986928
1676,5896261
1677,7388923
1678,7450561
1679,5745848
1680,8902713
1681,7130613
1682,6134221
1683,7053883
1684,8019287
1685,6347882
1686,6291756
1687,8225162
1688,5940381
1689,6192247
1690,8917792
1691,9154814
1692,7076528
1693,5987332
1694,9094878
1695,6070089
1696,7187759
1697,5905720
1698,5687056
1699,8438287
1700,9210536
1701,7269642
1702,6904611
1703,8527012
1704,7341183
1705,8265057
1706,6064659
1707,7065521
1708,7593718
1709,7155255
1710,5705955
1711,7072468
1712,6000120
1713,6327303
1714,6169538
1715,6233559
1716,5754739
1717,6169522
1718,8651368
1719,7673063
1720,8767708
1721,6072778
1722,6483874
1723,8983536
1724,6661284
1725,5802484
1726,7738907
1727,8813254
1728,6265977
1729,8731822
1730,7747772
1731,8049747
1732,8874105
1733,8244250
1734,7724806
1735,7776386
1736,8050541
1737,5920550
1738,7705874
1739,7689448
1740,8601096
1741,7305555
1742,7447231
1743,7271772
1744,6477372
1745,6963696
1746,6898208
1747,8631454
1748,6181685
1749,6198748
1750,6909707
1751,6889385
1752,9007017
1753,7929701
1754,5705995
1755,5710975
1756,6758404
1757,6314301
1758,5913167
1759,9172990
1760,6282182
1761,8189581
1762,8620996
1763,7487534
1764,5796777
1765,7054323
1766,9210425
1767,6690655
1768,7653422
1769,7185091
1770,7054665
1771,7266133
1772,7526451
1773,7773224
1774,6912380
1775,6952573
1776,6871074
1777,5898295
1778,9210138
1779,8725197
1780,8519965
1781,9165531
1782,6347228
1783,5958006
1784,6085068
1785,8667303
1786,8717443
1787,7580713
1788,8194648
1789,9235422
1790,7113761
1791,6799062
1792,6987749
1793,7558590
1794,7855878
1795,7382182
1796,8995548
1797,6008636
1798,6014102
1799,5909183
1800,5862453
1801,8509769
1802,5864799
1803,7359721
1804,7356029
1805,8219095
1806,8199845
1807,6253063
1808,5867054
1809,9042945
1810,6944427
1811,7516678
1812,6459891
1813,6842571
1814,7929483
1815,6816472
1816,7200119
1817,7647042
1818,6760604
1819,6696195
1820,9130784
1821,8193993
1822,RE44089
1823,7626998
1824,7130342
1825,D636782
1826,8781452
1827,7577915
1828,5835730
1829,6493556
1830,5821006
1831,8427102
1832,7321768
1833,6556131
1834,6141541
1835,8842603
1836,5946620
1837,7471961
1838,6980838
1839,7642753
1840,5936516
1841,7453219
1842,7508434
1843,8116733
1844,6182036
1845,7451476
1846,6434197
1847,7723613
1848,7620403
1849,6914570
1850,6710578
1851,6438225
1852,7148789
1853,8666417
1854,7031273
1855,6130613
1856,6687259
1857,7552267
1858,7084815
1859,7570581
1860,7607075
1861,5774857
1862,8666753
1863,6194975
1864,7320045
1865,6853445
1866,8059625
1867,7170987
1868,6697016
1869,6125137
1870,6259491
1871,7164893
1872,9118940
1873,5754484
1874,6665521
1875,5842210
1876,7426390
1877,6081600
1878,6647061
1879,7330174
1880,6006068
1881,6880170
1882,8412209
1883,6947555
1884,6907027
1885,7932859
1886,7098855
1887,5626729
1888,5761504
1889,6387559
1890,8970486
1891,6242979
1892,5977916
1893,8761248
1894,6965594
1895,7393149
1896,7242957
1897,6480555
1898,6163766
1899,8135418
1900,6177907
1901,9098789
1902,7079824
1903,8046219
1904,7002938
1905,6585424
1906,5696765
1907,6977675
1908,5812602
1909,6122014
1910,7106714
1911,9027101
1912,8565729
1913,7734316
1914,7818632
1915,8321663
1916,7013272
1917,6263191
1918,8611277
1919,8280459
1920,8930841
1921,7945255
1922,5930299
1923,6161018
1924,5764899
1925,7089012
1926,6018360
1927,6252455
1928,7940740
1929,8520617
1930,6788929
1931,6195342
1932,7239620
1933,7797008
1934,7529416
1935,6839387
1936,8805347
1937,7277453
1938,6465119
1939,8793583
1940,7315523
1941,6429811
1942,6990123
1943,6794935
1944,6694149
1945,8584214
1946,6907019
1947,7729128
1948,D704672
1949,8995947
1950,8122476
1951,6539359
1952,9203663
1953,7173606
1954,7031759
1955,7643820
1956,8411670
1957,9092101
1958,6211819
1959,6147984
1960,8874117
1961,6212382
1962,8205143
1963,6128763
1964,7177844
1965,7464863
1966,7231084
1967,7944891
1968,7313369
1969,7079872
1970,7295638
1971,7317797
1972,5627931
1973,7872442
1974,6515222
1975,6141542
1976,8489117
1977,7245933
1978,8971437
1979,D559842
1980,7680118
1981,8463599
1982,8364951
1983,6394826
1984,6327275
1985,6660427
1986,7474747
1987,6507607
1988,6741554
1989,7590044
1990,9042887
1991,7274683
1992,5945852
1993,8873650
1994,5740534
1995,7486792
1996,6081202
1997,6586124
1998,5873044
1999,6975174
2000,7705787
2001,6016312
2002,5838740
2003,8000254
2004,6571112
2005,8204014
2006,7657434
2007,5901344
2008,7246203
2009,6600928
2010,7117009
2011,6594414
2012,7342955
2013,6453160
2014,7920696
2015,6060997
2016,5737404
2017,8509112
2018,5873023
2019,7457590
2020,6016511
2021,6091357
2022,5949771
2023,9130928
2024,6983241
2025,7596224
2026,6931661
2027,6148064
2028,6573782
2029,5699365
2030,5729219
2031,7957763
2032,8767525
2033,7613758
2034,6122488
2035,7653129
2036,7573958
2037,6415252
2038,7787870
2039,5987024
2040,7923938
2041,7464313
2042,5832147
2043,7453831
2044,8139515
2045,6901117
2046,7755615
2047,8224850
2048,7233916
2049,9230486
2050,6314095
2051,6724170
2052,6643512
2053,7116771
2054,6114634
2055,5832223
2056,5926751
2057,7010657
2058,6061574
2059,7689234
2060,8495115
2061,5677085
2062,7468966
2063,8594207
2064,D733101
2065,5848718
2066,8125944
2067,5974121
2068,8933877
2069,6349314
2070,6026296
2071,7692681
2072,8841847
2073,5960350
2074,7522548
2075,6944289
2076,7099684
2077,7774015
2078,8059556
2079,7340221
2080,8417225
2081,7499689
2082,6570861
2083,8073062
2084,8369893
2085,8370626
2086,6275488
2087,8042150
2088,6185433
2089,8311013
2090,7639131
2091,6429770
2092,7706336
2093,6668164
2094,8310943
2095,8386260
2096,5659622
2097,5647963
2098,7836294
2099,6169887
2100,8942166
2101,9176614
2102,8350871
2103,7979775
2104,6469997
2105,6009323
2106,7685070
2107,7680251
2108,7467352
2109,6300835
2110,7843489
2111,7808340
2112,7405384
2113,6671515
2114,6990342
2115,7881214
2116,7165205
2117,8976218
2118,6111892
2119,8565558
2120,8295879
2121,5841864
2122,7024232
2123,8462954
2124,8249545
2125,5812229
2126,6934303
2127,7672539
2128,6545992
2129,8352853
2130,8332633
2131,6366880
2132,7451312
2133,8005364
2134,6904460
2135,5831976
2136,8165074
2137,6430228
2138,6075484
2139,6744740
2140,7310423
2141,8044989
2142,8284732
2143,9123328
2144,7492753
2145,6824919
2146,6963942
2147,9167245
2148,6162064
2149,6060966
2150,8879679
2151,6493406
2152,6909761
2153,7213062
2154,7016855
2155,6430408
2156,6320477
2157,7921741
2158,7949006
2159,5636298
2160,7433654
2161,7672915
2162,6526581
2163,7016698
2164,7672641
2165,6671525
2166,7187959
2167,7418239
2168,6728531
2169,6269402
2170,7073041
2171,8707215
2172,8132920
2173,5962168
2174,7016475
2175,7204156
2176,6639933
2177,9185398
2178,7676676
2179,9185408
2180,7642136
2181,6965779
2182,5665265
2183,8498645
2184,9210442
2185,6359898
2186,7365651
2187,7403066
2188,7345638
2189,7729433
2190,6807563
2191,5764111
2192,7366416
2193,5637418
2194,6643541
2195,7277731
2196,5796822
2197,7027604
2198,6519239
2199,5828671
2200,8463313
2201,7272128
2202,7259815
2203,7542956
2204,7366532
2205,8825551
2206,8976128
2207,7006446
2208,6091969
2209,6246336
2210,7496145
2211,8483415
2212,8797284
2213,5802044
2214,6762723
2215,6999751
2216,6994575
2217,6486733
2218,5959315
2219,5974085
2220,6272243
2221,6359838
2222,6760208
2223,7782147
2224,8249017
2225,6072790
2226,6765905
2227,6996172
2228,7509259
2229,6141331
2230,5787577
2231,7808185
2232,7209462
2233,6980821
2234,7551613
2235,7489755
2236,6438360
2237,6381467
2238,6163698
2239,7916633
2240,7519830
2241,7333561
2242,5790045
2243,9069460
2244,6731940
2245,7817718
2246,6851930
2247,6396825
2248,6529525
2249,6018667
2250,5963876
2251,7234119
2252,6984516
2253,6807317
2254,7324801
2255,5745579
2256,7177475
2257,6052064
2258,6665283
2259,7177889
2260,8406786
2261,6053743
2262,6820108
2263,5999138
2264,8565084
2265,8503322
2266,8331937
2267,8340972
2268,7295813
2269,5953669
2270,6175628
2271,7106358
2272,7047005
2273,6140807
2274,8583421
2275,6138034
2276,8180365
2277,7702349
2278,6529746
2279,D497713
2280,5729539
2281,6118995
2282,7769087
2283,6885852
2284,7505764
2285,6725021
2286,7039443
2287,6754501
2288,7698701
2289,6976081
2290,6658057
2291,7504936
2292,7398453
2293,7664091
2294,7684565
2295,7643838
2296,8799464
2297,8194762
2298,9077569
2299,7957772
2300,7026789
2301,8270359
2302,8224184
2303,9237225
2304,8483707
2305,6751464
2306,7389235
2307,5717461
2308,6975881
2309,6704046
2310,7783952
2311,7092721
2312,8005519
2313,6766353
2314,5768103
2315,7890834
2316,7649886
2317,6097721
2318,7015760
2319,8994661
2320,8352371
2321,8199731
2322,9218811
2323,6330459
2324,6526349
2325,8886765
2326,D636783
2327,6028485
2328,6134268
2329,9191500
2330,8848671
2331,8934947
2332,7969702
2333,6571229
2334,5880637
2335,6041241
2336,6396726
2337,5790596
2338,8976884
2339,6215995
2340,8060012
2341,6092230
2342,8379995
2343,6559811
2344,7366138
2345,6278879
2346,7558560
2347,6926989
2348,8819422
2349,6165639
2350,7359353
2351,6914938
2352,8396453
2353,6034971
2354,7167459
2355,5742590
2356,8515063
2357,7818166
2358,7697498
2359,7680488
2360,9070356
2361,8391874
2362,6038263
2363,7085542
2364,7395204
2365,8553808
2366,7466675
2367,7242972
2368,6160449
2369,7360446
2370,6696866
2371,7558586
2372,7202905
2373,6625613
2374,6452541
2375,6492792
2376,7085246
2377,8149144
2378,6298094
2379,6778831
2380,7640571
2381,6900700
2382,6609141
2383,8224303
2384,8711789
2385,7265726
2386,7242784
2387,7054656
2388,7197463
2389,6104808
2390,7873285
2391,6228516
2392,6256504
2393,7747017
2394,7031357
2395,6725022
2396,6397046
2397,8189522
2398,8929450
2399,7333797
2400,7047050
2401,8902152
2402,8731081
2403,6854077
2404,6100664
2405,6434195
2406,7301923
2407,7876697
2408,8565684
2409,6944245
2410,5940076
2411,8953595
2412,8886261
2413,6212393
2414,7636746
2415,7622859
2416,7356348
2417,8433249
2418,7181397
2419,8948394
2420,7813653
2421,6707826
2422,7292879
2423,6677607
2424,6950422
2425,8160067
2426,7394012
2427,8761834
2428,6393076
2429,7230997
2430,6101225
2431,7680487
2432,7336619
2433,6553021
2434,5710990
2435,6281748
2436,8103118
2437,6256393
2438,7894332
2439,7385913
2440,9081868
2441,6148178
2442,7302098
2443,7436816
2444,7016669
2445,6084468
2446,7023921
2447,7062277
2448,7164930
2449,7394767
2450,6425091
2451,8484676
2452,8213394
2453,8008561
2454,8799957
2455,6389285
2456,8539544
2457,7165112
2458,7907896
2459,5869204
2460,7330920
2461,7047188
2462,5732358
2463,5745524
2464,7782755
2465,7254423
2466,7321570
2467,6978153
2468,7973721
2469,7539186
2470,8019326
2471,9131060
2472,7590414
2473,6240303
2474,8244265
2475,8379115
2476,7787357
2477,6675022
2478,6148245
2479,7277457
2480,9160978
2481,5767785
2482,6643276
2483,7873338
2484,6463110
2485,7200112
2486,7098666
2487,7161227
2488,5859625
2489,9042938
2490,8605704
2491,8442004
2492,7073192
2493,6381477
2494,7577449
2495,8160618
2496,7043198
2497,6836547
2498,6714794
2499,5926503
2500,8396024
2501,8605922
2502,7106711
2503,6208871
2504,7725133
2505,7839814
2506,7787855
2507,6971101
2508,7953668
2509,6331817
2510,7834762
2511,6959170
2512,5963012
2513,8942302
2514,5697793
2515,8874093
2516,8023959
2517,5754659
2518,7096047
2519,7209172
2520,6591095
2521,5828660
2522,7770261
2523,6006017
2524,5838214
2525,8259846
2526,6169802
2527,6141393
2528,5905447
2529,6747585
2530,6208842
2531,8532623
2532,7264896
2533,7519855
2534,8428936
2535,5959693
2536,6983026
2537,7142190
2538,6968508
2539,7925956
2540,6311167
2541,6020878
2542,6646418
2543,6307892
2544,5752163
2545,7689228
2546,5666084
2547,6850285
2548,6049192
2549,8509323
2550,7397803
2551,7924158
2552,6697615
2553,7227848
2554,5874856
2555,8941743
2556,6232970
2557,6553041
2558,7206854
2559,6898567
2560,8982137
2561,8150169
2562,7031373
2563,D688221
2564,5870030
2565,6009168
2566,8004555
2567,6493629
2568,7475330
2569,7706414
2570,7499540
2571,6933893
2572,7634688
2573,7113514
2574,8528012
2575,6426980
2576,7184756
2577,7668848
2578,7809129
2579,7295823
2580,6876635
2581,6572830
2582,6249894
2583,7570916
2584,6717520
2585,7239898
2586,6885645
2587,7053799
2588,6686931
2589,8340974
2590,6160489
2591,5966667
2592,5854972
2593,6304765
2594,7024628
2595,7283845
2596,8223707
2597,7366525
2598,6259791
2599,5787128
2600,7920869
2601,6529520
2602,6493673
2603,6741842
2604,8666321
2605,5982411
2606,6141454
2607,8068292
2608,6298233
2609,8929838
2610,5972537
2611,8564619
2612,7058039
2613,8190213
2614,7853296
2615,7466665
2616,6927332
2617,6574487
2618,7110770
2619,6268826
2620,6310992
2621,6012063
2622,8520572
2623,7050411
2624,7221945
2625,8054391
2626,5892396
2627,6584325
2628,7116784
2629,6400755
2630,6346911
2631,6862273
2632,7337110
2633,6086395
2634,8798150
2635,9154811
2636,7130359
2637,8639519
2638,7262812
2639,5797103
2640,7818792
2641,7991147
2642,8502694
2643,6009130
2644,8261183
2645,7876199
2646,8050686
2647,5929806
2648,9103732
2649,6377792
2650,6594249
2651,5768319
2652,6134232
2653,6985733
2654,6643327
2655,6941500
2656,8194615
2657,7101617
2658,7539490
2659,8318381
2660,7933343
2661,5801639
2662,6574333
2663,8477041
2664,8577594
2665,6588015
2666,7426198
2667,8204491
2668,6040720
2669,7590092
2670,7801066
2671,7158678
2672,5949827
2673,6052443
2674,6452811
2675,5996110
2676,7221222
2677,7362820
2678,6718374
2679,7098786
2680,8743157
2681,8295200
2682,6078611
2683,6867734
2684,7356687
2685,5793213
2686,8238900
2687,8427961
2688,6744766
2689,9191488
2690,7102617
2691,6989235
2692,9197387
2693,7668141
2694,8817740
2695,7983204
2696,9054879
2697,6850503
2698,8931059
2699,5999522
2700,6496794
2701,6567912
2702,7492885
2703,8094105
2704,8280382
2705,6775341
2706,9137320
2707,8811510
2708,6453155
2709,6125279
2710,7260770
2711,6097953
2712,6822946
2713,8335510
2714,6374091
2715,5727026
2716,6128007
2717,7123923
2718,7792670
2719,7181257
2720,8907930
2721,6622136
2722,5744258
2723,6574610
2724,6580769
2725,6504494
2726,6728525
2727,8290486
2728,6734555
2729,6978124
2730,8412270
2731,7646704
2732,6608510
2733,7561552
2734,8504002
2735,5822699
2736,7057607
2737,9007391
2738,6487259
2739,7725804
2740,7268799
2741,6732218
2742,6850040
2743,6195393
2744,7343181
2745,8600577
2746,6819256
2747,5774827
2748,7027840
2749,7327704
2750,6707912
2751,5822431
2752,6995751
2753,8254907
2754,8847903
2755,9197923
2756,6326770
2757,7852904
2758,8753128
2759,8913585
2760,8194572
2761,6747685
2762,7048897
2763,7626355
2764,7110536
2765,7158819
2766,7609664
2767,5710547
2768,6352434
2769,8990221
2770,7504903
2771,7228414
2772,8559295
2773,6823026
2774,8494224
2775,6961956
2776,8300107
2777,5929773
2778,5688293
2779,6313732
2780,7689208
2781,6487180
2782,7649842
2783,8718668
2784,5723229
2785,7206578
2786,6944186
2787,9066104
2788,7710987
2789,8160540
2790,7181007
2791,6208637
2792,6978474
2793,6512923
2794,8108830
2795,6917814
2796,5670266
2797,8068868
2798,8385989
2799,8860614
2800,8205129
2801,6424673
2802,7298762
2803,5754141
2804,5768527
2805,7177819
2806,7548558
2807,7383983
2808,7778307
2809,8984549
2810,5901354
2811,8723699
2812,8504836
2813,7170988
2814,6515971
2815,6859503
2816,6970127
2817,7548747
2818,6889045
2819,8477942
2820,6041314
2821,6983370
2822,7098897
2823,6529144
2824,7684407
2825,7709732
2826,6569553
2827,6937274
2828,9237366
2829,7139806
2830,6091959
2831,9048042
2832,5842122
2833,6765966
2834,6044090
2835,7158502
2836,6373828
2837,7120170
2838,8627083
2839,9118499
2840,8406328
2841,5710766
2842,6873614
2843,7834759
2844,7313103
2845,7817987
2846,7983451
2847,6217623
2848,7081019
2849,6058315
2850,7958539
2851,6826241
2852,6754169
2853,8370160
2854,7570927
2855,6926451
2856,8078180
2857,7218943
2858,5818852
2859,8750249
2860,7242956
2861,5826188
2862,7030795
2863,6064266
2864,5896575
2865,5715240
2866,7796944
2867,7062243
2868,7242932
2869,7940724
2870,8681737
2871,5851692
2872,7031397
2873,8990851
2874,8116242
2875,5958572
2876,7480504
2877,7706645
2878,7466859
2879,5920647
2880,7049015
2881,6369753
2882,8145214
2883,6570922
2884,9215496
2885,9173146
2886,8269175
2887,5786791
2888,8766954
2889,7450975
2890,6754504
2891,7536006
2892,7742760
2893,8818461
2894,7440768
2895,9210383
2896,6775541
2897,5970058
2898,7010299
2899,6622025
2900,6789124
2901,7706301
2902,8619067
2903,6157669
2904,6937585
2905,5847920
2906,6990081
2907,7003333
2908,6690723
2909,6351628
2910,8374633
2911,6711380
2912,7469182
2913,7281066
2914,9054525
2915,6084890
2916,7274954
2917,8265163
2918,6511280
2919,D705747
2920,5872744
2921,8578043
2922,5901347
2923,7117288
2924,7310379
2925,7496069
2926,7831267
2927,8312142
2928,6222880
2929,7784366
2930,6246697
2931,7095707
2932,8401479
2933,7088988
2934,6944473
2935,7820313
2936,8477924
2937,7925293
2938,7251820
2939,6660423
2940,7197291
2941,7570963
2942,6285682
2943,7693110
2944,8304733
2945,9099785
2946,8054771
2947,8213904
2948,6934568
2949,6640012
2950,6980816
2951,6542466
2952,9165256
2953,7388579
2954,8284554
2955,8780937
2956,6151231
2957,7706443
2958,6980596
2959,7818271
2960,7702289
2961,6950796
2962,9059505
2963,6980597
2964,7694185
2965,5982445
2966,8238976
2967,8504039
2968,6757548
2969,7603092
2970,7551931
2971,6636751
2972,6084866
2973,6606359
2974,7944866
2975,7801246
2976,6996779
2977,6665549
2978,8553645
2979,7979767
2980,6069886
2981,7974536
2982,5949795
2983,6166621
2984,5913194
2985,7529379
2986,D703649
2987,7129928
2988,6681208
2989,6731096
2990,6603389
2991,7342939
2992,5797101
2993,7587216
2994,5974184
2995,6078793
2996,6922564
2997,9164584
2998,7983717
2999,8175888
3000,8295766
3001,5983082
3002,5744984
3003,7616595
3004,7580540
3005,8724754
3006,8595360
3007,8553594
3008,6701160
3009,6563868
3010,7853857
3011,6869708
3012,6308079
3013,9071609
3014,7646315
3015,6259744
3016,9225815
3017,7471734
3018,5894500
3019,8158224
3020,5689806
3021,6952574
3022,8280730
3023,7852838
3024,7570623
3025,6990320
3026,6317755
3027,6975606
3028,6985857
3029,5784001
3030,6099990
3031,6956893
3032,5982819
3033,8812358
3034,7729298
3035,7743119
3036,8918097
3037,6452930
3038,8605961
3039,7652578
3040,6724825
3041,5952942
3042,5880646
3043,7602752
3044,6091962
3045,7243366
3046,6308294
3047,5943624
3048,6300864
3049,6470317
3050,6157630
3051,7343313
3052,7380022
3053,7769378
3054,6904023
3055,6385179
3056,6670897
3057,9058468
3058,6903743
3059,7044614
3060,7305191
3061,7084877
3062,8737480
3063,6961696
3064,8242741
3065,6512922
3066,8019394
3067,7133373
3068,6984816
3069,7983143
3070,8428022
3071,6810525
3072,7353036
3073,8280409
3074,8925096
3075,6348897
3076,7271569
3077,6928726
3078,8265588
3079,7519359
3080,6801159
3081,7212111
3082,8151306
3083,7168023
3084,9160662
3085,7295199
3086,6088569
3087,8112781
3088,8532563
3089,7784071
3090,5859567
3091,8175530
3092,7443914
3093,6788941
3094,8374282
3095,8510785
3096,7012970
3097,7920795
3098,7477901
3099,9184917
3100,8751056
3101,8346930
3102,8316302
3103,8611740
3104,7688793
3105,7596565
3106,7746836
3107,9053657
3108,7006842
3109,7295519
3110,6025753
3111,6882971
3112,6912195
3113,6807529
3114,8862533
3115,7933571
3116,5784419
3117,5940799
3118,8050238
3119,7763314
3120,8090342
3121,9086855
3122,8750140
3123,7502368
3124,6757544
3125,9135028
3126,6961391
3127,6567777
3128,7551372
3129,6064894
3130,9048932
3131,7027980
3132,6671415
3133,6873093
3134,7302468
3135,6735435
3136,5818906
3137,7174191
3138,8223235
3139,8897223
3140,9053699
3141,7242917
3142,7006616
3143,7132357
3144,8619542
3145,8204036
3146,6836806
3147,6615036
3148,8050688
3149,6072843
3150,9003447
3151,6839070
3152,8054774
3153,6169732
3154,8537724
3155,7633893
3156,6668046
3157,9106972
3158,5671255
3159,8443115
3160,9136964
3161,7310809
3162,7486939
3163,7904128
3164,8050660
3165,6829502
3166,9246889
3167,7315885
3168,9124690
3169,8073243
3170,6633839
3171,7773513
3172,5809020
3173,7116951
3174,5886993
3175,7907900
3176,6456204
3177,6434159
3178,7978101
3179,8340976
3180,8340215
3181,5670912
3182,5904740
3183,5854549
3184,7418007
3185,9065651
3186,5956626
3187,7586868
3188,6104916
3189,7088256
3190,7965689
3191,8175651
3192,7196260
3193,6748232
3194,5856763
3195,7043552
3196,5825297
3197,7817574
3198,7047006
3199,5742610
3200,7027527
3201,5799256
3202,8993187
3203,6160454
3204,6144646
3205,9158372
3206,6934275
3207,6967576
3208,5757229
3209,6041227
3210,7191662
3211,6931251
3212,5905961
3213,7804770
3214,7818142
3215,8059897
3216,6327300
3217,7091781
3218,7003464
3219,7532587
3220,8718698
3221,9110663
3222,6356961
3223,8010108
3224,6285548
3225,7773943
3226,7305257
3227,6885322
3228,7928914
3229,5612956
3230,8937912
3231,7636043
3232,8009757
3233,7822074
3234,6865164
3235,7068013
3236,6980561
3237,8374321
3238,5896054
3239,9002377
3240,6700441
3241,6275611
3242,6138032
3243,8863167
3244,7962181
3245,7554987
3246,6311306
3247,8022615
3248,8995939
3249,6359392
3250,6944422
3251,7028373
3252,8751822
3253,7848438
3254,9215302
3255,7072688
3256,7642528
3257,6606557
3258,7159148
3259,7911513
3260,6453070
3261,5830601
3262,6255903
3263,8067922
3264,6085074
3265,7024216
3266,8472598
3267,7924175
3268,7822973
3269,6067444
3270,5910944
3271,6002922
3272,6141011
3273,8904282
3274,5850594
3275,9002354
3276,7529440
3277,8508494
3278,8332196
3279,8254344
3280,9037847
3281,6185525
3282,8204957
3283,8619039
3284,8683453
3285,7106874
3286,7872961
3287,6704566
3288,8170094
3289,7328036
3290,7558575
3291,7696935
3292,6617824
3293,8838435
3294,6573945
3295,8000305
3296,6940407
3297,6564068
3298,8767961
3299,8339250
3300,5822307
3301,6320354
3302,8253624
3303,6973538
3304,8583193
3305,7111362
3306,8290156
3307,6992580
3308,8219073
3309,6560215
3310,6885242
3311,9179180
3312,8195233
3313,6256493
3314,6865176
3315,8319170
3316,8040969
3317,7126929
3318,6678523
3319,7107018
3320,8520814
3321,8949592
3322,7339976
3323,8090732
3324,6668043
3325,7039048
3326,9063591
3327,6411815
3328,6661809
3329,5793805
3330,6829014
3331,7800046
3332,8683353
3333,6212391
3334,7046988
3335,8542619
3336,6378073
3337,6853693
3338,7983679
3339,8805335
3340,6940861
3341,7719955
3342,7450586
3343,6131013
3344,6980912
3345,7911935
3346,5751378
3347,7313811
3348,D678232
3349,7049941
3350,8412857
3351,7257227
3352,8638698
3353,6636745
3354,7545751
3355,8295874
3356,8300658
3357,6917182
3358,7643832
3359,7590996
3360,8737330
3361,9133254
3362,6463142
3363,7743115
3364,7289567
3365,8965885
3366,9094684
3367,8010985
3368,8589516
3369,7720601
3370,7257430
3371,5854571
3372,7600039
3373,6298224
3374,6094429
3375,5933062
3376,7305649
3377,6313787
3378,5706306
3379,7072187
3380,9066126
3381,6980827
3382,6003057
3383,6286112
3384,6106563
3385,7900045
3386,8788675
3387,6011800
3388,6810245
3389,7190947
3390,8422439
3391,6678656
3392,8948707
3393,6005980
3394,6240100
3395,8249193
3396,8904290
3397,6577849
3398,8098680
3399,6285899
3400,9094689
3401,8223692
3402,8108796
3403,5787455
3404,6605454
3405,6282183
3406,7360957
3407,6996377
3408,8275412
3409,9106310
3410,8116738
3411,7139237
3412,8326995
3413,6084546
3414,6223030
3415,6215474
3416,7474626
3417,6144649
3418,6278354
3419,7724194
3420,6577877
3421,6157253
3422,6650995
3423,6834265
3424,7765566
3425,7920623
3426,5959981
3427,5945286
3428,8019012
3429,7912441
3430,6862277
3431,6281851
3432,7877123
3433,5911137
3434,6224393
3435,7446434
3436,7450722
3437,6026126
3438,6477381
3439,7039115
3440,8509338
3441,7509148
3442,9140782
3443,9198317
3444,7414989
3445,6101531
3446,7450944
3447,8611833
3448,8971826
3449,8462517
3450,9198151
3451,5703877
3452,8400998
3453,6212385
3454,6925064
3455,7013166
3456,8102802
3457,6650620
3458,8630412
3459,8521187
3460,6542483
3461,7773535
3462,8320267
3463,8509738
3464,6078577
3465,6104927
3466,6018299
3467,8954070
3468,7209755
3469,6202088
3470,6417874
3471,6269137
3472,7181224
3473,8633864
3474,8275003
3475,5925942
3476,9186077
3477,7313188
3478,6061573
3479,6922432
3480,7929921
3481,7110455
3482,9210733
3483,9031843
3484,8000304
3485,7245935
3486,6628711
3487,6927627
3488,6385462
3489,6167028
3490,5990735
3491,7167710
3492,8730342
3493,8677503
3494,6408176
3495,6973332
3496,7200190
3497,6157632
3498,8068465
3499,9131251
3500,9201454
3501,8055211
3502,7013154
3503,7489913
3504,6590946
3505,5917830
3506,7965675
3507,8074150
3508,9223937
3509,7453829
3510,6295606
3511,8893284
3512,7333062
3513,7671628
3514,5894498
3515,7809282
3516,6927432
3517,8588862
3518,5934450
3519,7088220
3520,6216015
3521,5931513
3522,7487199
3523,7786901
3524,6289224
3525,7307523
3526,7747004
3527,6480717
3528,8656579
3529,8351514
3530,6335768
3531,9026581
3532,7197331
3533,9182903
3534,7003045
3535,8005987
3536,7027398
3537,5812540
3538,6148206
3539,8047878
3540,7150035
3541,8688826
3542,6154485
3543,7050773
3544,8457673
3545,6215999
3546,6868132
3547,6671518
3548,6850284
3549,8437802
3550,8126076
3551,8300845
3552,7856238
3553,6054653
3554,8184914
3555,9203458
3556,8373742
3557,8856509
3558,7590434
3559,8799816
3560,6505055
3561,D705186
3562,7898481
3563,8391173
3564,5745867
3565,7965683
3566,6721333
3567,7373138
3568,6801783
3569,7269152
3570,7220021
3571,7299051
3572,6542753
3573,7466962
3574,6826388
3575,6438764
3576,5761293
3577,7463881
3578,6839542
3579,8934417
3580,5815807
3581,8016192
3582,7818401
3583,6631259
3584,7477196
3585,6985138
3586,6252516
3587,6490256
3588,6592272
3589,6993296
3590,7910851
3591,7660431
3592,6107880
3593,D715219
3594,7430174
3595,5631103
3596,7054807
3597,7277392
3598,8259825
3599,7705728
3600,6982752
3601,7206044
3602,7116786
3603,7243149
3604,7826467
3605,8879722
3606,8463412
3607,6167235
3608,6600450
3609,7068972
3610,7734549
3611,7076234
3612,7676362
3613,6091332
3614,6904097
3615,7757148
3616,7486623
3617,6922574
3618,7796083
3619,6427199
3620,5717307
3621,7184487
3622,7194254
3623,8539476
3624,7130275
3625,9036850
3626,7176970
3627,7218666
3628,7212789
3629,8724314
3630,6341222
3631,8175600
3632,6420928
3633,6433894
3634,5867140
3635,9203489
3636,6975621
3637,6041226
3638,7630722
3639,7142660
3640,6332072
3641,7742450
3642,5710639
3643,8374574
3644,6049323
3645,5822690
3646,6137837
3647,8356232
3648,9161176
3649,8887151
3650,8346302
3651,7123672
3652,6667708
3653,9124676
3654,8266684
3655,6988064
3656,8223737
3657,8767596
3658,6275193
3659,7974626
3660,8948094
3661,7142537
3662,5800937
3663,6148177
3664,5892769
3665,6993342
3666,7962127
3667,6078821
3668,5849433
3669,5883886
3670,7085544
3671,5940452
3672,8051353
3673,6895254
3674,8887310
3675,7725202
3676,6901603
3677,6114969
3678,6477368
3679,8630798
3680,6782272
3681,9197691
3682,8300560
3683,8054808
3684,6344727
3685,7493087
3686,5793866
3687,7912032
3688,6699611
3689,6758303
3690,6023615
3691,7188167
3692,5952886
3693,6895444
3694,7130339
3695,7298697
3696,7243134
3697,6839391
3698,6765882
3699,7594318
3700,7079609
3701,7089176
3702,8665778
3703,9091715
3704,6594389
3705,6895246
3706,8484363
3707,8049720
3708,7682733
3709,5742594
3710,7315967
3711,7103337
3712,6934561
3713,5911124
3714,8902821
3715,6275111
3716,7446795
3717,6049532
3718,7309982
3719,9104233
3720,7697451
3721,7177803
3722,7684813
3723,6727016
3724,6173005
3725,7262724
3726,6052561
3727,7702031
3728,6735423
3729,8842429
3730,8868736
3731,8938809
3732,5933330
3733,5912878
3734,6861989
3735,6496709
3736,7421264
3737,5991262
3738,6165233
3739,9183370
3740,7177652
3741,9185428
3742,7111089
3743,6215360
3744,6356708
3745,7133474
3746,7564901
3747,6169731
3748,6117585
3749,6879998
3750,6321197
3751,8326918
3752,8059586
3753,8165586
3754,9077848
3755,7102577
3756,7656978
3757,6426983
3758,6904081
3759,8351336
3760,5688483
3761,8892763
3762,8522361
3763,6799038
3764,7064706
3765,8032917
3766,6888607
3767,8456430
3768,8572250
3769,5966120
3770,6137802
3771,5877812
3772,8922980
3773,8004469
3774,7152033
3775,6480827
3776,5905448
3777,9148903
3778,7778652
3779,8050912
3780,7336620
3781,8553397
3782,6278604
3783,7395202
3784,6072250
3785,9002416
3786,8766805
3787,9172967
3788,7646264
3789,6553342
3790,7181689
3791,9176615
3792,8576179
3793,8509735
3794,8131214
3795,6185305
3796,7742771
3797,6466938
3798,7176980
3799,8730925
3800,6942939
3801,5767786
3802,6115072
3803,7649873
3804,7450180
3805,7335432
3806,7280501
3807,8483175
3808,6963574
3809,8195250
3810,6917611
3811,8643551
3812,6133657
3813,6839576
3814,6177881
3815,5937823
3816,7409218
3817,8970455
3818,6137994
3819,6839841
3820,6480096
3821,6157638
3822,7436365
3823,6657490
3824,7542422
3825,6782251
3826,6584301
3827,8788810
3828,7864657
3829,6452979
3830,6175587
3831,7463113
3832,6470180
3833,6108109
3834,6768908
3835,7020394
3836,8391501
3837,8873768
3838,D721984
3839,6002937
3840,7283956
3841,9014245
3842,7181223
3843,7386064
3844,8355360
3845,5778030
3846,8140606
3847,7839927
3848,9043201
3849,6252862
3850,8965695
3851,8145869
3852,5960387
3853,6106969
3854,6769086
3855,7116950
3856,7505438
3857,7031271
3858,5828295
3859,8030914
3860,8977275
3861,7805763
3862,7058018
3863,6311066
3864,6233231
3865,8883371
3866,5855003
3867,8013717
3868,7991813
3869,7499257
3870,7003305
3871,5747970
3872,9020043
3873,8508679
3874,8400951
3875,7260420
3876,6157844
3877,7089344
3878,7282283
3879,6463556
3880,5991912
3881,7363492
3882,9029780
3883,6937617
3884,8015005
3885,6272192
3886,7590186
3887,7836095
3888,6136469
3889,7231516
3890,5657409
3891,8000293
3892,6785321
3893,7176956
3894,7996019
3895,7136641
3896,9232266
3897,7843970
3898,6134226
3899,7944981
3900,7558589
3901,7924941
3902,7508300
3903,8017864
3904,9098069
3905,6973030
3906,7873010
3907,8620320
3908,7184730
3909,7069211
3910,7054386
3911,9171569
3912,8971937
3913,7142542
3914,9175176
3915,8611442
3916,5928377
3917,7634159
3918,6470365
3919,7502909
3920,6061449
3921,8489576
3922,6304581
3923,6785339
3924,7242722
3925,7724707
3926,9210624
3927,6590303
3928,8018895
3929,6996547
3930,7536186
3931,8082414
3932,5945948
3933,5872777
3934,7623597
3935,7839414
3936,7239886
3937,7764237
3938,6201968
3939,7328436
3940,6628953
3941,8682388
3942,8959574
3943,5692019
3944,7634223
3945,6157726
3946,7187940
3947,6113653
3948,6856628
3949,6434158
3950,7062240
3951,6661853
3952,6771657
3953,7383175
3954,6011579
3955,6505049
3956,6406808
3957,7860002
3958,8379601
3959,8890823
3960,6898285
3961,7600925
3962,7881463
3963,6597890
3964,5716725
3965,7730385
3966,7953678
3967,6006067
3968,5878098
3969,7519381
3970,8098644
3971,8583189
3972,6885708
3973,7580725
3974,7620175
3975,5999046
3976,7170994
3977,8442564
3978,5905803
3979,5950131
3980,7139586
3981,8160019
3982,7447735
3983,8433582
3984,7181222
3985,8537658
3986,9112859
3987,7474624
3988,5764899
3989,6018521
3990,5986878
3991,7706249
3992,9066121
3993,6041048
3994,7778343
3995,5806023
3996,7925116
3997,7999660
3998,8710968
3999,6188979
4000,7035658
4001,6363139
4002,6543012
4003,6983169
4004,6039608
4005,6272219
4006,7068782
4007,7076000
4008,5838707
4009,6687486
4010,6285282
4011,6829492
4012,6868123
4013,5881069
4014,7406212
4015,8868123
4016,7800622
4017,7529211
4018,6108315
4019,6483913
4020,8094748
4021,8762546
4022,6002678
4023,8988349
4024,5893044
4025,7257280
4026,8737551
4027,8818305
4028,7830565
4029,8422394
4030,6044260
4031,6347140
4032,7545769
4033,7675923
4034,6633672
4035,D707696
4036,6295200
4037,8812985
4038,7443657
4039,8345790
4040,6401242
4041,7616654
4042,5832038
4043,5688614
4044,5867064
4045,7305251
4046,6456852
4047,8634348
4048,6330285
4049,6836212
4050,8687566
4051,7224970
4052,6075794
4053,6939641
4054,7904094
4055,5878035
4056,6115620
4057,9008665
4058,6044252
4059,6807317
4060,9049688
4061,7916811
4062,7430459
4063,6266530
4064,7397402
4065,8340116
4066,6931477
4067,8780690
4068,7490036
4069,8384756
4070,5893024
4071,5745844
4072,7786633
4073,6771960
4074,8836857
4075,5974079
4076,6914913
4077,8458558
4078,6363349
4079,6583716
4080,7843873
4081,7155219
4082,5771239
4083,6289220
4084,7421025
4085,7493548
4086,9130712
4087,5961810
4088,7088867
4089,7683965
4090,8929280
4091,7269504
4092,7873738
4093,5974042
4094,6941149
4095,7961900
4096,7512138
4097,7208247
4098,8885577
4099,6256008
4100,5991628
4101,8538890
4102,8766119
4103,7084535
4104,5694434
4105,8625442
4106,9152131
4107,6756882
4108,8878788
4109,6360097
4110,6137867
4111,7643564
4112,8750434
4113,8941623
4114,6774737
4115,5940445
4116,8364120
4117,6993336
4118,6396890
4119,5935220
4120,D688222
4121,7617319
4122,8244317
4123,5771229
4124,6148208
4125,7068230
4126,9107065
4127,6909741
4128,5903844
4129,8574731
4130,7499797
4131,6278453
4132,6373433
4133,5831491
4134,6526275
4135,7148878
4136,8509776
4137,7152190
4138,8254537
4139,8904444
4140,5987012
4141,8116244
4142,7706330
4143,9188457
4144,7653413
4145,6813736
4146,7643856
4147,6754193
4148,8611409
4149,7894511
4150,7351065
4151,6449312
4152,8514187
4153,6057884
4154,7400856
4155,7705838
4156,6253223
4157,7110559
4158,5956226
4159,8406426
4160,8364020
4161,7580723
4162,8265678
4163,6766171
4164,6421347
4165,8207897
4166,7590886
4167,7106865
4168,8798243
4169,6282189
4170,6192029
4171,6308077
4172,7945768
4173,5930304
4174,6192040
4175,6997379
4176,7642933
4177,7720350
4178,8867371
4179,8111746
4180,7720449
4181,6767256
4182,8396734
4183,8897812
4184,8261154
4185,7724894
4186,7769365
4187,8619029
4188,7236477
4189,8279797
4190,6215780
4191,7630705
4192,7616967
4193,7251328
4194,5652616
4195,6798441
4196,6625621
4197,7321780
4198,7231237
4199,8848815
4200,6208839
4201,8948249
4202,8374984
4203,7683994
4204,8711723
4205,6856792
4206,8615076
4207,8786759
4208,8638929
4209,7414983
4210,7099294
4211,6108389
4212,7817534
4213,6658232
4214,7203254
4215,7957360
4216,6067457
4217,8983388
4218,6236835
4219,9143543
4220,6135582
4221,7099389
4222,9177114
4223,8009612
4224,6171138
4225,5916699
4226,6829313
4227,8395597
4228,7647052
4229,5940756
4230,8484530
4231,6535127
4232,8924200
4233,6421007
4234,8396467
4235,7593706
4236,5930472
4237,9129600
4238,7439679
4239,5842130
4240,7349962
4241,6917913
4242,5999815
4243,6658000
4244,7614069
4245,8532611
4246,7193622
4247,8880752
4248,5809459
4249,7254184
4250,6580754
4251,7449667
4252,8958743
4253,6333921
4254,6046402
4255,5758293
4256,7339636
4257,7299173
4258,6449305
4259,6771666
4260,9053332
4261,5953053
4262,6944540
4263,8687561
4264,6889049
4265,6587127
4266,6965776
4267,6731613
4268,7366489
4269,6101421
4270,6132895
4271,8560026
4272,D602457
4273,6434381
4274,6967989
4275,8144719
4276,7412149
4277,6925123
4278,6292475
4279,5703571
4280,8228832
4281,5873035
4282,5737332
4283,7145891
4284,8839362
4285,6141341
4286,7020175
4287,6292573
4288,6728965
4289,7162094
4290,6246862
4291,6865401
4292,7957745
4293,9014705
4294,7953432
4295,6590610
4296,6522352
4297,8588864
4298,6990734
4299,6813480
4300,9184898
4301,7562290
4302,8155625
4303,6175273
4304,7672594
4305,9235299
4306,8126030
4307,8806545
4308,6760602
4309,6081438
4310,6388449
4311,7801571
4312,6603406
4313,6070072
4314,6285681
4315,7773714
4316,6728304
4317,6487407
4318,6650298
4319,5893103
4320,5751763
4321,6006079
4322,6570856
4323,6441754
4324,6023230
4325,5889791
4326,7653369
4327,5862480
4328,8976774
4329,6137845
4330,6917916
4331,7822644
4332,8561135
4333,7478416
4334,6046268
4335,6466126
4336,6289203
4337,5681357
4338,7046799
4339,6799201
4340,6662154
4341,6434366
4342,6963911
4343,6571091
4344,8954012
4345,7236208
4346,7047017
4347,6625420
4348,7962102
4349,6074779
4350,7924456
4351,8401532
4352,7801065
4353,5859522
4354,9160068
4355,7483543
4356,7796550
4357,6246600
4358,5954817
4359,7418205
4360,8055309
4361,5886572
4362,6198931
4363,6236664
4364,8006101
4365,7212844
4366,7265724
4367,7099354
4368,8665227
4369,7136811
4370,7085582
4371,7349685
4372,7747225
4373,5742597
4374,6584825
4375,5901346
4376,6141387
4377,8923167
4378,6640184
4379,5982363
4380,8255151
4381,6134521
4382,8442837
4383,8295449
4384,9198200
4385,6385242
4386,6127058
4387,5801684
4388,9037456
4389,9070361
4390,6992658
4391,7269146
4392,7447154
4393,8599848
4394,7228415
4395,8577045
4396,8430256
4397,5894320
4398,6834384
4399,5862140
4400,7050505
4401,6985573
4402,8880462
4403,7454616
4404,9135770
4405,6639973
4406,7146189
4407,8811588
4408,8879565
4409,5650763
4410,9049650
4411,5732350
4412,8090396
4413,6961572
4414,6804253
4415,7103391
4416,8254837
4417,6181216
4418,6094428
4419,6298084
4420,7120423
4421,6777727
4422,8712766
4423,5892410
4424,6049537
4425,6130883
4426,6625810
4427,9247399
4428,5946039
4429,6925501
4430,5983092
4431,8194622
4432,6438519
4433,9037682
4434,5790044
4435,6530056
4436,5777558
4437,6336091
4438,6122271
4439,5751813
4440,8937987
4441,7062544
4442,6351653
4443,7421083
4444,5842127
4445,5856766
4446,8761826
4447,7724196
4448,8982693
4449,8422956
4450,7272364
4451,6885638
4452,6072987
4453,8582538
4454,8219408
4455,7619606
4456,5859594
4457,6374100
4458,7319958
4459,6402010
4460,7657614
4461,6141559
4462,7425100
4463,6154537
4464,6459686
4465,6476776
4466,7170341
4467,7113771
4468,6233557
4469,7423997
4470,6882856
4471,5912586
4472,6286032
4473,6058106
4474,7539796
4475,7479928
4476,8185049
4477,7505651
4478,8611837
4479,8165597
4480,6178327
4481,7051938
4482,7521995
4483,8379632
4484,9106939
4485,7043226
4486,6822969
4487,9198070
4488,7016407
4489,D707196
4490,6813273
4491,7269563
4492,6418149
4493,D707199
4494,6212470
4495,7742697
4496,8706061
4497,8421931
4498,6068946
4499,9055346
4500,7110730
4501,7944888
4502,5987018
4503,8107885
4504,7139246
4505,9185697
4506,6443340
4507,5956729
4508,7653130
4509,6173431
4510,8766593
4511,5784585
4512,5740532
4513,7132192
4514,6262629
4515,9066264
4516,6889052
4517,9026081
4518,6002676
4519,7162740
4520,6034950
4521,8285221
4522,7120926
4523,8111693
4524,5746585
4525,7516471
4526,8494575
4527,7024183
4528,6741844
4529,7920494
4530,8831116
4531,6623945
4532,6035182
4533,7764322
4534,8107956
4535,7343283
4536,5966101
4537,8437798
4538,9143586
4539,9223938
4540,6791958
4541,6198406
4542,5956088
4543,9106490
4544,8144712
4545,7801527
4546,6067364
4547,5712593
4548,7050514
4549,6701162
4550,7194261
4551,6252515
4552,9118394
4553,7352867
4554,7117001
4555,6912581
4556,7603492
4557,5696794
4558,7099290
4559,7643819
4560,7096401
4561,8973104
4562,6021216
4563,7088770
4564,8589968
4565,6166787
4566,6570362
4567,6444904
4568,7792165
4569,7196734
4570,7512278
4571,9052795
4572,7315567
4573,6639249
4574,D735069
4575,6438114
4576,5759719
4577,6643508
4578,9107118
4579,8493364
4580,6324407
4581,8007110
4582,7489928
4583,7623447
4584,6151572
4585,6331972
4586,7205914
4587,7091911
4588,8340492
4589,8904173
4590,6220637
4591,8437581
4592,9173021
4593,6859464
4594,7515568
4595,7177657
4596,8787468
4597,5920549
4598,6088340
4599,6011510
4600,8797286
4601,6618365
4602,5787116
4603,6272333
4604,6442216
4605,5761193
4606,7839931
4607,7132745
4608,6622278
4609,7660353
4610,8467448
4611,5754599
4612,6292781
4613,5799012
4614,8331394
4615,6151497
4616,7936894
4617,7248842
4618,5625683
4619,9152211
4620,6160713
4621,8249607
4622,7129854
4623,7742788
4624,6009091
4625,7472247
4626,6798869
4627,5835785
4628,7313198
4629,9078278
4630,7903721
4631,7479927
4632,5940757
4633,6487181
4634,7471942
4635,8081985
4636,6044153
4637,7400597
4638,5894246
4639,9110280
4640,7688835
4641,5781530
4642,8145251
4643,7499700
4644,6696189
4645,6891991
4646,8588351
4647,7539214
4648,7810105
4649,6671882
4650,7456793
4651,7706763
4652,5837015
4653,8760222
4654,8055602
4655,8267598
4656,8082000
4657,6791968
4658,5815804
4659,7924763
4660,7825901
4661,6088240
4662,8996012
4663,7126954
4664,6483851
4665,7480517
4666,7702711
4667,9189062
4668,7436811
4669,7899187
4670,9148423
4671,8311593
4672,6978136
4673,7042855
4674,8947382
4675,7571479
4676,8139899
4677,7221722
4678,6765536
4679,8995366
4680,7526001
4681,8891506
4682,6731690
4683,7620385
4684,7143333
4685,6859119
4686,8527283
4687,7191127
4688,6885874
4689,5764899
4690,6295282
4691,5715282
4692,5886575
4693,7379473
4694,7149523
4695,7437013
4696,7909256
4697,7426404
4698,7664259
4699,7676106
4700,8730209
4701,6198937
4702,5752166
4703,7656842
4704,7212542
4705,9179184
4706,7616131
4707,8729863
4708,6324219
4709,5949020
4710,7925784
4711,8401574
4712,7227487
4713,6175733
4714,5939939
4715,6301265
4716,8897210
4717,6404811
4718,8371022
4719,6512776
4720,5740525
4721,8121600
4722,6424713
4723,6823180
4724,8050656
4725,7110766
4726,7142852
4727,7308035
4728,8587542
4729,8068147
4730,9013631
4731,9245497
4732,9210368
4733,7148917
4734,6912395
4735,6184651
4736,7048556
4737,7333897
4738,7224948
4739,7650445
4740,6138011
4741,6214487
4742,6131049
4743,5781583
4744,6792293
4745,5982327
4746,7342543
4747,7343548
4748,8724492
4749,6978424
4750,9164179
4751,5742623
4752,6556616
4753,7388544
4754,6260060
4755,7133461
4756,6704556
4757,8472998
4758,6423434
4759,6758396
4760,8914603
4761,7167528
4762,6671849
4763,6633653
4764,5940400
4765,8831675
4766,5711007
4767,5774802
4768,7266171
4769,8541745
4770,7002069
4771,5862452
4772,6493559
4773,6188904
4774,7221223
4775,7873279
4776,8751244
4777,7570621
4778,7073138
4779,8948706
4780,5591318
4781,5843393
4782,7248645
4783,7561879
4784,6546101
4785,7680063
4786,6993364
4787,6080690
4788,7269435
4789,5689526
4790,8175587
4791,7486044
4792,7577441
4793,6952350
4794,7130876
4795,6192245
4796,6519279
4797,6760390
4798,6978165
4799,7061966
4800,6324206
4801,8868899
4802,7853220
4803,6226612
4804,8521204
4805,7063262
4806,9185468
4807,5999826
4808,6661196
4809,7853202
4810,7231213
4811,8577069
4812,7961828
4813,8665811
4814,8700770
4815,6088337
4816,7181170
4817,6112100
4818,7138977
4819,5635151
4820,7738530
4821,6008739
4822,7050764
4823,9025556
4824,7865160
4825,5987518
4826,6668169
4827,7697752
4828,8724742
4829,6115388
4830,6104512
4831,7146169
4832,5956390
4833,8712086
4834,6212363
4835,6732321
4836,6055413
4837,RE41178
4838,6570509
4839,8321511
4840,7023864
4841,5771353
4842,9058550
4843,7250822
4844,5809397
4845,7400885
4846,6107920
4847,7272382
4848,8190207
4849,6678740
4850,6049821
4851,6424637
4852,6035181
4853,7742777
4854,6927555
4855,7535857
4856,6927728
4857,5974447
4858,6205326
4859,9215255
4860,5861777
4861,5815507
4862,7272190
4863,6020790
4864,8630350
4865,7205850
4866,8493874
4867,6377810
4868,6175559
4869,8904462
4870,7080009
4871,7937102
4872,5659267
4873,7743985
4874,6259720
4875,8279811
4876,5907615
4877,7499733
4878,8948894
4879,7151947
4880,6791622
4881,8144451
4882,7084737
4883,8374583
4884,6600662
4885,7188297
4886,8516532
4887,7012563
4888,7426382
4889,7450490
4890,6904285
4891,7133672
4892,7839343
4893,5988577
4894,8179862
4895,6922492
4896,6064269
4897,8031680
4898,9027153
4899,8068879
4900,9146624
4901,8213406
4902,8780779
4903,7917034
4904,8155683
4905,8638706
4906,8149770
4907,8930446
4908,7729703
4909,7345586
4910,7039379
4911,7826825
4912,6642458
4913,5943376
4914,6205329
4915,6218973
4916,6948186
4917,7007064
4918,9098177
4919,5905407
4920,6222405
4921,6965588
4922,6625469
4923,6092111
4924,7075885
4925,6836249
4926,7076265
4927,8750724
4928,7287097
4929,7633449
4930,7050641
4931,7499688
4932,6263014
4933,8054894
4934,6009086
4935,8442513
4936,7177606
4937,9063182
4938,5852730
4939,7738639
4940,7334177
4941,7660986
4942,6466611
4943,6833709
4944,7054450
4945,6897634
4946,7568223
4947,6892058
4948,8910229
4949,7734313
4950,5745116
4951,6795112
4952,7684341
4953,6404743
4954,8918115
4955,6999447
4956,RE38564
4957,7283806
4958,6314519
4959,8332409
4960,6101370
4961,5740541
4962,6104925
4963,7610197
4964,6912406
4965,7446678
4966,9049715
4967,7076675
4968,7324449
4969,6839427
4970,7242929
4971,6625470
4972,8098620
4973,7627307
4974,6463534
4975,7840186
4976,8374146
4977,8274596
4978,6108324
4979,5661433
4980,8289863
4981,8139694
4982,8433926
4983,7343171
4984,6731684
4985,6861788
4986,7475393
4987,7443316
4988,7239650
4989,6092041
4990,7065191
4991,6268077
4992,6298135
4993,6263209
4994,7933509
4995,5815382
4996,6305972
4997,6717950
4998,8639303
4999,8519322
5000,D736210
5001,6917641
5002,7685617
5003,6961569
5004,7085140
5005,7199947
5006,7433649
5007,6873294
5008,7088298
5009,8073014
5010,7599320
5011,8223855
5012,5675344
5013,7428229
5014,7463612
5015,5974325
5016,6044159
5017,6043707
5018,7546133
5019,6134446
5020,9007960
5021,7512223
5022,5831218
5023,6377808
5024,5881370
5025,6615267
5026,8957863
5027,7734466
5028,7685154
5029,5692046
5030,5872523
5031,7721261
5032,8031583
5033,7187252
5034,7864216
5035,6845235
5036,7606574
5037,6084904
5038,6583765
5039,7581181
5040,6301297
5041,8045688
5042,5821820
5043,6956544
5044,8018276
5045,6034969
5046,9121937
5047,5844448
5048,9247506
5049,9094697
5050,7529263
5051,8223624
5052,7430324
5053,7149515
5054,8819838
5055,6934397
5056,8300757
5057,6957092
5058,7243288
5059,5740533
5060,8245942
5061,6970683
5062,7069013
5063,8743284
5064,6714781
5065,8923321
5066,6477253
5067,6556817
5068,8688441
5069,5940447
5070,8392528
5071,7492253
5072,7535967
5073,8194603
5074,6661409
5075,6094566
5076,6088399
5077,7231190
5078,6925309
5079,6038457
5080,5689413
5081,6553060
5082,7469136
5083,6834043
5084,7633389
5085,8520589
5086,6721563
5087,8305433
5088,6901259
5089,6275500
5090,6743543
5091,5757859
5092,5754597
5093,6999759
5094,7469149
5095,6903724
5096,5793795
5097,9161196
5098,8121552
5099,7499719
5100,6374092
5101,8965289
5102,8995560
5103,6894459
5104,6813351
5105,6711684
5106,8509800
5107,8989772
5108,6801754
5109,5914958
5110,8676504
5111,5950113
5112,7404082
5113,5974032
5114,6011959
5115,7652699
5116,6389389
5117,8644288
5118,7412077
5119,7177628
5120,5953413
5121,6959089
5122,6915210
5123,7397821
5124,9178869
5125,6154842
5126,5626737
5127,6385583
5128,7490345
5129,5648717
5130,7089577
5131,7953155
5132,6181929
5133,6785395
5134,7463687
5135,6856657
5136,6045936
5137,8509146
5138,6847622
5139,5739723
5140,9075572
5141,6400720
5142,6836504
5143,6176401
5144,6529488
5145,8078230
5146,6879584
5147,8943425
5148,7805171
5149,7857460
5150,9036700
5151,7105737
5152,8619716
5153,6256338
5154,5996178
5155,6031877
5156,7058419
5157,6173181
5158,5694438
5159,6411946
5160,8059232
5161,7395097
5162,7555285
5163,6493388
5164,5945832
5165,7231188
5166,8116612
5167,9026152
5168,7181765
5169,7463876
5170,7684387
5171,7010122
5172,6052562
5173,5675287
5174,6657595
5175,6643707
5176,8804926
5177,7620436
5178,8027342
5179,8514329
5180,8971591
5181,7932702
5182,5754586
5183,8223961
5184,6915256
5185,8223685
5186,8854992
5187,7844265
5188,7881280
5189,7705792
5190,8503638
5191,8958018
5192,7298321
5193,7359738
5194,8116767
5195,6934254
5196,7214999
5197,5889768
5198,6754475
5199,6377639
5200,7792517
5201,7154468
5202,6043712
5203,8510848
5204,8923778
5205,5881093
5206,5724001
5207,5748537
5208,8520496
5209,5737369
5210,6122270
5211,7596812
5212,7903083
5213,7304613
5214,5930715
5215,7885626
5216,7256744
5217,9031047
5218,8538747
5219,7223007
5220,8213645
5221,7085575
5222,7609676
5223,7020165
5224,8630231
5225,7844229
5226,7023421
5227,8311214
5228,8406319
5229,6438381
5230,RE38563
5231,8255501
5232,7536454
5233,7024196
5234,8487951
5235,6153834
5236,5903558
5237,7120437
5238,6775686
5239,7142667
5240,6728537
5241,6775154
5242,6069896
5243,8031461
5244,6026086
5245,5724004
5246,6625474
5247,6208526
5248,5935209
5249,5842162
5250,5901142
5251,6606083
5252,6167084
5253,6477160
5254,7634296
5255,7872590
5256,6801538
5257,6564043
5258,7616610
5259,6856644
5260,8243678
5261,8059806
5262,8479020
5263,7061425
5264,8837519
5265,6882855
5266,9185199
5267,7642958
5268,7522915
5269,6219420
5270,7403838
5271,8195807
5272,7395048
5273,5689272
5274,6459892
5275,5790607
5276,6862460
5277,7239884
5278,7466679
5279,6134450
5280,7356000
5281,8971881
5282,6031865
5283,7054601
5284,9042476
5285,6104909
5286,5943333
5287,6832259
5288,7089020
5289,6748195
5290,7792226
5291,6141543
5292,6252867
5293,6690892
5294,7243072
5295,8130847
5296,5846094
5297,7602751
5298,6233461
5299,7607022
5300,8249026
5301,7062556
5302,6683916
5303,6052563
5304,6091757
5305,7024162
5306,9154508
5307,6128479
5308,9094453
5309,6366601
5310,6118980
5311,7167107
5312,6078593
5313,6043721
5314,8544077
5315,5936972
5316,8285244
5317,6459894
5318,8320292
5319,7240832
5320,6100756
5321,7376225
5322,6005848
5323,9191497
5324,5648970
5325,6624742
5326,9064102
5327,7054617
5328,7451361
5329,6430405
5330,6888878
5331,6577354
5332,7215976
5333,7508842
5334,6054843
5335,9049680
5336,7130610
5337,6839577
5338,5940282
5339,9153065
5340,5745520
5341,7020215
5342,7529081
5343,8769005
5344,6144651
5345,8953699
5346,7212809
5347,8340675
5348,6337983
5349,6993652
5350,8000263
5351,7756097
5352,8327125
5353,7260394
5354,8503541
5355,5937351
5356,5777984
5357,8295504
5358,8166526
5359,8792945
5360,8233916
5361,7626365
5362,7747257
5363,6236282
5364,8213959
5365,8898469
5366,7404682
5367,6539344
5368,7016401
5369,8918662
5370,7324616
5371,8767843
5372,5778307
5373,D705188
5374,6625503
5375,6915530
5376,6160799
5377,6021332
5378,5956640
5379,6169889
5380,7911405
5381,8179838
5382,9058812
5383,8766868
5384,8707337
5385,9100943
5386,5924044
5387,8116726
5388,8059555
5389,6834088
5390,6160545
5391,8416761
5392,6834183
5393,6297676
5394,5898696
5395,7561553
5396,7969356
5397,5881377
5398,7127533
5399,6961322
5400,7558577
5401,8014806
5402,5724509
5403,6948130
5404,8953527
5405,6895238
5406,8166292
5407,5818313
5408,6907022
5409,7970350
5410,8072479
5411,7394774
5412,8103260
5413,6798168
5414,9124355
5415,6801642
5416,5710976
5417,6322918
5418,6917809
5419,5699179
5420,7415273
5421,7065206
5422,7339909
5423,6782208
5424,6463382
5425,6441786
5426,5933558
5427,7272246
5428,7487271
5429,8478328
5430,7233280
5431,6925438
5432,8818359
5433,8560553
5434,7834853
5435,7224994
5436,6707272
5437,5987327
5438,6894750
5439,7403165
5440,8254965
5441,7148764
5442,6931470
5443,7209742
5444,7564908
5445,6138010
5446,7239705
5447,8285322
5448,8880894
5449,6735009
5450,6735562
5451,7042840
5452,8904206
5453,D558744
5454,6078126
5455,7976168
5456,7254405
5457,7505439
5458,8121655
5459,6858660
5460,5930756
5461,6151318
5462,7643642
5463,7280480
5464,6973324
5465,7907946
5466,6570969
5467,6071649
5468,7071814
5469,8423075
5470,7236858
5471,9106544
5472,8055256
5473,6169898
5474,8768744
5475,8126054
5476,7590100
5477,9071853
5478,7243066
5479,8169981
5480,6064652
5481,8537763
5482,7000173
5483,6981184
5484,7202635
5485,7173989
5486,7069027
5487,8320360
5488,8798671
5489,8417937
5490,7277726
5491,8265717
5492,7558198
5493,7457588
5494,7792544
5495,7587043
5496,6993327
5497,7707406
5498,D731999
5499,7689239
5500,6834075
5501,7848241
5502,6757269
5503,6842170
5504,6980811
5505,7471257
5506,7512110
5507,6205125
5508,8908880
5509,7672452
5510,6958759
5511,6185429
5512,7623493
5513,5663748
5514,5783968
5515,6888806
5516,7120439
5517,8145144
5518,8077850
5519,8168318
5520,5688613
5521,6307304
5522,8866735
5523,6501737
5524,6889067
5525,7194099
5526,7095824
5527,6163712
5528,6862002
5529,6110618
5530,7765600
5531,6154633
5532,6271837
5533,7599317
5534,7570951
5535,5917942
5536,9226125
5537,9154686
5538,8761079
5539,6104317
5540,6108558
5541,7068708
5542,7298326
5543,9110998
5544,7953438
5545,7272847
5546,9023267
5547,6978463
5548,7203109
5549,8890723
5550,7599327
5551,8687691
5552,6160511
5553,5675286
5554,7401199
5555,6148203
5556,7773713
5557,9214005
5558,8368741
5559,9137563
5560,7593714
5561,7092684
5562,6963680
5563,7181667
5564,8108782
5565,8364964
5566,6324184
5567,6377713
5568,8850286
5569,8934500
5570,7460509
5571,9118465
5572,8050189
5573,7523862
5574,8639954
5575,7747021
5576,5878045
5577,6858436
5578,6924619
5579,8744411
5580,7801543
5581,5999821
5582,8947385
5583,7864270
5584,6252515
5585,7347781
5586,7113997
5587,7190301
5588,7269414
5589,7184033
5590,7948903
5591,9081542
5592,7874983
5593,6801571
5594,6204573
5595,7912113
5596,7840119
5597,6138040
5598,7895594
5599,7076033
5600,5883580
5601,6392382
5602,7512795
5603,8948116
5604,7398091
5605,5982757
5606,8787510
5607,7450717
5608,6327469
5609,7064772
5610,8423013
5611,6879950
5612,8873760
5613,9220070
5614,7317901
5615,8351544
5616,7167375
5617,5969545
5618,7092568
5619,6765451
5620,7519041
5621,6310634
5622,6132048
5623,7389010
5624,5821007
5625,5883897
5626,8620964
5627,7962622
5628,8806383
5629,7949926
5630,7972051
5631,6487252
5632,6987819
5633,7907671
5634,8788940
5635,7146015
5636,6970728
5637,6094423
5638,5728367
5639,7454519
5640,8484625
5641,8665779
5642,5684926
5643,7319879
5644,6781722
5645,7188026
5646,6009173
5647,7025596
5648,7184794
5649,6266513
5650,9078015
5651,6167078
5652,7007296
5653,8649659
5654,7742624
5655,6285333
5656,7523035
5657,7631017
5658,6128351
5659,9162146
5660,8077690
5661,6973061
5662,9093075
5663,6453470
5664,8463232
5665,6654025
5666,5872698
5667,6429808
5668,7601032
5669,6999922
5670,7135837
5671,6588674
5672,7889721
5673,6876868
5674,8442388
5675,5862488
5676,7016315
5677,8995664
5678,7768605
5679,7117147
5680,7126529
5681,8356314
5682,8223854
5683,8165583
5684,8509772
5685,7187736
5686,7155483
5687,8873504
5688,8374452
5689,6426158
5690,6400587
5691,6049145
5692,8331554
5693,7577467
5694,7103809
5695,6937602
5696,6157814
5697,6650839
5698,8744391
5699,6967942
5700,8571475
5701,7693284
5702,6192037
5703,8483632
5704,7751839
5705,9026950
5706,8259026
5707,9124680
